apparition	ghost	phantom
diddy	puff_daddy	puffy
augustus	caesar_augustus	gaius_octavius
earth	globe	planet_earth
frontman	lead_vocalist	lead_vocals
gallons	gallon	us_gal
host	presenter	tv_host
mental_illness	psychiatric_disorders	psychiatric_illness
distilled_beverage	liquor	spirits
cephas	peter	petrus
cheikh	shaikh	shaykh
dairy_cattle	dairy_cow
cardiac_arrhythmias	dysrhythmia
handbag	purse
lbj	lyndon_baines_johnson
king_zheng	ying_zheng
a.b.	bachelor
mommy	mum
faerie	fey
president_theodore_roosevelt	theodore_roosevelt
peptic_ulcer_disease	peptic_ulcer
space_shuttle_program	space_shuttle
hungarians	magyars
headmaster	principal
felis_catus	house_cat
flood_myth	flood
short_films	short_subject
federal_reserve	fed
migraine_headaches	migraine
mad_hatter	the_mad_hatter
empire_city	new_york
complainant	plaintiff
audio_cassette	compact_cassette
castellano	spanish_language
attention_deficit_disorder	attention_deficit_hyperactivity_disorder
california_angels	los_angeles_angels
adrenaline	epinephrine
george_gershwin	gershwin
athene	pallas_athena
infantile_paralysis	poliomyelitis
epileptic_seizure	seizures
penn_state	pennsylvania_state_university
whitsunday	whit
twin_towers	world_trade_center
american_south	southern_united_states
joseph_stalin	stalin
alcohol_dependence	alcoholism
cop	police_officer
schweiz	switzerland
angelus	twilight
omar	umar
mixing_console	mixing_desk
universal_city_studios	universal_studios
rachmaninoff	rachmaninov
norwegian_parliament	stortinget
itching	pruritus
iranian_revolution	islamic_revolution
nabataeans	nabatean
air_disaster	plane_crash
l-tyrosine	tyr
verizon_communications	verizon
short_ton	ton
general_electric	ge
london_heathrow_airport	london_heathrow
business	firm
paul	sir_paul_mccartney
united_states_constitution	us_constitution
microsoft_corporation	microsoft
reptiles	reptile
television_advertisement	television_commercial
plantae	plant
action_film	action
ted_kennedy	ted
hog	sus
chicago_tribune	tribune
caustic_soda	lye
bowser	koopa
swedish_language	swedish
factory	manufactory
bruce_banner	hulk
consumption	tuberculosis
mandal	taluk
canadian_broadcasting_corporation	cbc
netherlands	the_netherlands
dwight_eisenhower	president_eisenhower
inflammatory_bowel_diseases	inflammatory_bowel_disease
chapel_hill	unc
elvis	the_king
thessalonica	thessaloniki
edema	oedema
london_stock_exchange	lse
pullover	sweater
television_programme	television_program
compound_microscope	optical_microscope
dance_music	electronic_dance_music
76ers	sixers
new_york_police_department	nypd
green_vegetables	leafy_greens
piracy	pirate
ohio_state_university	osu
analgesics	analgesic
hunter_valley	hunter
f-15_eagle	mcdonnell_douglas_f-15_eagle
ami	myocardial_infarction
lm	lumens
computer_science	cs
county_laois	leix
uav	unmanned_aerial_vehicle
mystery_fiction	mystery
divide	drainage_divide
pozsony	pressburg
arsenal_f.c.	arsenal_football_club
tiff	toronto_film_festival
percival	sir_percival
brain_tumor	brain_tumour
thiamine	vitamin_b1
personal_computers	personal_computer
discovery_channel	the_discovery_channel
u.s._highways	u.s._routes
dog	domestic_dog
booking_agent	talent_agent
gaelic	scottish_gaelic
claudius_ptolemaeus	claudius_ptolemy
coder	computer_programmer
nachmanides	ramban
disc_jockey	dj
college_radio	student_radio
diabetes_mellitus_type_2	type_2_diabetes
mercury	quicksilver
chemical_manufacturing	chemicals
colon_cancer	colorectal_cancer
asphalt	bitumen
sir_winston_churchill	winston_churchill
virgilio	virgil
soda_pop	soft_drink
adventist_church	seventh-day_adventist_church
gatwick_airport	london_gatwick
medication	medicine
metropolitan_opera	the_met
openvms	vms
french_horn	horns
neurological_disease	neurological_disorder
da_vinci	leonardo_da_vinci
bangla	bengali
mercedes-benz_superdome	superdome
ak-47	kalashnikov
khmer_language	khmer
ferris_wheel	observation_wheel
jewish_new_year	rosh_hashanah
slovene	slovenian
independence_day	july_4th
victor_records	victor_talking_machine_company
benares	varanasi
noord-brabant	north_brabant
hendrix	jimmy_james
eastern_campaign	great_patriotic_war
kaiser_wilhelm_ii	wilhelm_ii
alopecia	hair_loss
song_dynasty	southern_song_dynasty
bipolar_depression	bipolar_disorder
aerial_reconnaissance	reconnaissance
nevada	nev
west_virginia	wv
laptop_computer	laptop
ekaterinburg	sverdlovsk
muscle_spasms	muscle_spasm
bronx	the_bronx
proprietary_software	proprietary
celsius	degrees_celsius
domestic_horse	horse
tin_woodman	tin_woodsman
shakespeare	william_shakespeare
mathematics	maths
stone_cold_steve_austin	stone_cold
austria-hungary	austro-hungarian_empire
earl_mountbatten	lord_mountbatten
johann_strauss_ii	strauss
queen_elizabeth	the_queen_mother
stereo_sound	stereo
firearm	gun
lao_language	laotian
object-oriented_programming_language	oop
evening_star	venus
rail_transport	railway
sleep_aids	sleeplessness
liverpool	the_reds
sq_miles	square_miles
chile_pepper	chile
italian_republic	italia
new_york_times	the_new_york_times
glycerin	glycerol
cattle	cow
slovak_language	slovakian
gothic_revival_architecture	victorian_gothic
fiberglass	fibreglass
mexican_cuisine	mexican_food
urinary_tract_infection	uti
government_corruption	political_corruption
cestoda	tapeworm
earth_sciences	geosciences
consul_general	consul
thomas_babington_macaulay	thomas_macaulay
agriculture	farming
conservatory	music_school
ancient_egyptian	egyptian
lemberg	lvov
mbyte	megabyte
councillor	councilmember
led	light-emitting_diode
union_pacific_railroad	union_pacific
nuclear_energy	nuclear_power
london_philharmonic_orchestra	lpo
dixieland_jazz	new_orleans_jazz
pil	public_image_limited
livia_drusilla	livia
easter_sunday	easter
hb	hemoglobin
russian_sfsr	russian_soviet_federative_socialist_republic
chaplin	charles_chaplin
blazers	portland_trail_blazers
carbonated_water	seltzer
washington_wizards	wizards
abc	american_broadcasting_company
fainting	swooning
spine	vertebral_column
grand_central_station	grand_central_terminal
crossover_suv	cuv
occitan_language	occitan
thomas_aquinas	thomas
northern_army	union_army
arthur_conan_doyle	sir_arthur_conan_doyle
2012_olympic_games	london_olympics
cat_stevens	yusuf
fort_crook	offutt_air_force_base
valve_corporation	valve
film_producer	producer
cloth	textile
acne	pimples
government_school	state_school
hardy	oliver_hardy
f-16_fighting_falcon	general_dynamics_f-16_fighting_falcon
moses_maimonides	rambam
thes	times_higher_education
los_angeles_lakers	minneapolis_lakers
samanid_empire	samanid
bass_guitarist	bass_player
dna_fingerprinting	dna_profiling
galician	gallego
general_officer	generals
gawain	sir_gawain
crf	crh
newark_airport	newark_liberty_international_airport
athlete	sportsman
michigan_state	msu
notorious_b.i.g.	the_notorious_b.i.g.
marriage	matrimony
americas	america
elijah	eliyahu
digestive_system	gi
the_daily_mail	the_mail
elbe_river	elbe
canadian_national_railway	cn_rail
belarusian	belorussian
elessar	strider
perspiration	sweating
zipcode	zip
september_11_attacks	september_11
princess_beatrix	queen_beatrix
german_language	german
ill	il
manx_language	manx
rangers_football_club	rangers
jurchens	jurchen
duomo	florence_cathedral
asteroid_belt	main_belt
gent	ghent
allied	allies
polish_language	polish
super_nes	super_nintendo_entertainment_system
pennsauken_township	pennsauken
4000_bc	4th_millennium_bc
ucl	university_college_london
music_producer	record_producer
cigars	cigar
arrangements	arrangement
patrick	saint_patrick
cow_milk	milk
aztec	nahuatl
princess_peach	princess_toadstool
boston_globe	the_boston_globe
poona	pune
pangaea	pangea
affairs	affair
humor	humour
grand_duke	grand_prince
grocery_stores	grocery_store
john_lydon	johnny_rotten
barbecue	barbeque
bcs	bowl_championship_series
iata	international_air_transport_association
comedian	comedienne
zoroastrianism	zoroastrian
henry_david_thoreau	thoreau
ctv_television_network	ctv
onions	onion
civil_partnership	civil_union
turner_broadcasting_system	turner_broadcasting
ernie_wise	wise
auf_der_maur	melissa_auf_der_maur
federal_trade_commission	ftc
maritime_climate	oceanic_climate
eglin_afb	eglin_air_force_base
antiviral_drug	antivirals
mst3k	mystery_science_theater_3000
flip-flop	latch
four_seasons	the_four_seasons
chat	online_chat
audio_engineer	sound_engineer
conversion_therapy	reparative_therapy
avicenna	ibn_sina
general_staff	staff
dorpat	tartu
sardegna	sardinia
spinal_cord_injury	spinal_injury
abc_world_news_tonight	world_news_tonight
mohawk_language	mohawk
jacob_neusner	neusner
richard_bachman	stephen_king
benjamin_thompson	count_rumford
rodentia	rodent
steiermark	styria
max_planck_institute	max_planck_society
beach_boys	the_beach_boys
exclamation	interjection
magnetic_resonance_imaging	mri
sbs_one	sbs_tv
carbonates	carbonate
lucasarts	lucasfilm_games
janet_jackson	janet
classical_pianist	pianist
mammals	mammal
channel_5	channel_five
ernest_renan	renan
country_codes	country_code
first_indochina_war	indochina_war
coronation_street	corrie
edwards_afb	edwards_air_force_base
beau_bridges	beau
bfi	british_film_institute
royal_shakespeare_company	rsc
cbs_this_morning	the_early_show
leader	the_leader
mandela	nelson_mandela
iihf	international_ice_hockey_federation
calories	calorie
summertime	summer
catwoman	selina_kyle
beetle	coleoptera
cochin	kochi
amnesty_international	amnesty
lady_mary_wortley_montagu	mary_wortley_montagu
sardinian_language	sardinian
godard	jean-luc_godard
aum	om
exhibition_game	friendly_match
fiat_currency	fiat_money
enemies	enemy
user_experience	ux
megaplex	multiplex
jive_records	jive
kaohsiung_city	kaohsiung
thasos	thassos
commissioned_officer	military_officer
basque_language	basque
magician	wizard
eccentricity	orbital_eccentricity
eff	electronic_frontier_foundation
startup_company	startup
techno_music	techno
taranto	tarentum
archdiocese	diocese
medium_earth_orbit	meo
breathing	breath
luddites	luddite
american_jews	jewish_american
social_interaction	social_relations
ramsar_convention	ramsar_site
odin	wotan
sabc	south_african_broadcasting_corporation
dowland	john_dowland
american_motors_corporation	american_motors
public_broadcasting	public_radio
yale_university	yale
torino	turin
lehi	stern_gang
ferdinand_magellan	magellan
hercule_poirot	poirot
grigori_rasputin	rasputin
mascagni	pietro_mascagni
vaccinia_virus	vaccinia
bilbo_baggins	bilbo
jacobites	jacobitism
irish_people	irish
cascade_mountains	cascade_range
afp	agence_france-presse
u.s._attorney	united_states_attorney
laurel	stan_laurel
the_well-tempered_clavier	well-tempered_clavier
lotus_development_corporation	lotus_software
lirr	long_island_rail_road
east_timor	timor-leste
multi-storey_car_park	parking_garage
troad	troas
charles_de_gaulle	de_gaulle
north_rhine-westphalia	nrw
shivering	shiver
emeric_pressburger	pressburger
casimir_iv_jagiellon	casimir
reality_television	reality_tv
babel	babylon
giacomo_puccini	puccini
garonne_river	garonne
anti-submarine_warfare	asw
spawning	spawn
new_york_post	the_new_york_post
astronomical_units	astronomical_unit
biased_sample	sampling_bias
sufism	sufi
imaginary_numbers	imaginary_number
strike	striking
blue_note_records	blue_note
quay	wharf
atlanta_constitution	the_atlanta_journal-constitution
bernini	gian_lorenzo_bernini
paine	thomas_paine
air_conditioner	air_conditioning
chinese_medicine	traditional_chinese_medicine
drugs	drug
connecticut	ct
coordination	gleichschaltung
rms_titanic	titanic
trees	tree
bdp	boogie_down_productions
vehicles	vehicle
brown_bear	ursus_arctos
tennessee_valley_authority	tva
chinese_ceramics	chinese_porcelain
mick_jagger	mick
seattle_international_film_festival	siff
albino_luciani	pope_john_paul_i
peninsular_malaysia	west_malaysia
degrees_fahrenheit	fahrenheit
grain_size	particle_size
thickener	thickening_agent
elementary_education	primary_education
punjabi_language	punjabi
aston_villa	villa
ptolemaic_egypt	ptolemaic_kingdom
tirol	tyrol
checkers	draughts
leninism	leninist
bulimia_nervosa	bulimia
county_roscommon	roscommon
casanova	giacomo_casanova
sneakers	sneaker
pda	personal_digital_assistant
bacchus	dionysus
repetitive_strain_injury	rsi
nanjing	nanking
modest_mussorgsky	mussorgsky
california	calif
hmmwv	humvee
derry	londonderry
the_vandals	vandals
legal_entity	legal_personality
neurofibromatosis	nf
rsa_security	rsa
breton_language	breton
centre_party	zentrum
rail_tracks	track
racemic_mixture	racemic
east_carolina_university	ecu
larry_fine	larry
national_football_league	nfl
cusco	cuzco
black_crowes	the_black_crowes
afrikaans_language	afrikaans
gallia_narbonensis	transalpine_gaul
psychokinesis	telekinesis
new_international_version	niv
american_national_standards_institute	ansi
memory_segmentation	segmentation
uci	union_cycliste_internationale
canadian_prairies	prairies
georg_solti	sir_georg_solti
oswald_mosley	sir_oswald_mosley
wrinkles	wrinkle
lagos_state	lagos
milky_way_galaxy	milky_way
maharishi	maharshi
hans_arp	jean_arp
rna_splicing	splicing
phoenicians	phoenicia
echo_awards	echo
pectins	pectin
japanese_language	japanese
indycar	irl
explosive_material	explosive
mobil_oil	mobil
cello	violoncello
jean-paul_sartre	sartre
squint	strabismus
eminem	marshall_mathers
gongs	gong
hittite_empire	hittites
playstation_3	ps3
ben_kenobi	obi-wan_kenobi
joker	the_joker
eidetic_memory	photographic_memory
pan_american_world_airways	pan_am
northern_lights	the_golden_compass
sampson	samson
babar	babur
adrian_boult	sir_adrian_boult
luxembourg_city	luxembourg
hydrochloric_acid	muriatic_acid
worcester_county	worcester
arteriovenous_malformation	avm
signage	sign
prince_vijaya	vijaya
aphelion	perihelion
la_traviata	violetta
uhf	ultra_high_frequency
orson_welles	welles
operating_system	os
folk_music	folk
ascorbate	vitamin_c
hugh_laurie	laurie
cpv	vietnamese_communist_party
daffy_duck	daffy
anorexia_nervosa	anorexia
british_india	british_raj
anna_mae_bullock	tina_turner
yawning	yawn
pakistan_army	pakistani_army
financial_industry_regulatory_authority	finra
braunschweig	brunswick
united_states_military_academy	west_point
confucianism	confucian
risperdal	risperidone
westinghouse_electric_corporation	westinghouse_electric
pretenders	the_pretenders
the_wombles	wombles
dow_jones_industrial_average	dow_jones
ge_building	rca_building
cantos	the_cantos
sfu	simon_fraser_university
celebrity	tv_personality
dubai_airport	dubai_international_airport
anglicanism	anglican
la_galaxy	los_angeles_galaxy
christian_revival	revivalism
new_jersey	nj
olea_europaea	olive
american_west	western_united_states
bob_weinstein	bob
browser	web_browser
county_tipperary	tipperary
myopia	nearsightedness
alphonse_daudet	daudet
borg_queen	borg
black_cat	felicia
acute_myeloid_leukemia	aml
pequeninos	piggies
plasma_physics	plasma
dwarves	the_dwarves
con_artist	con_man
medieval_period	middle_ages
grindcore	grind
mixed_martial_arts	mma
peregrin_took	pippin
rally_racing	rallying
edmond_rostand	rostand
cadbury_schweppes	cadbury
valleys	valley
eastern_wu	wu
pasteurisation	pasteurization
junkers_ju_87	stuka
personality_disorders	personality_disorder
denver_nuggets	nuggets
revenge	vengeance
akc	american_kennel_club
sir_thomas_more	thomas_more
princess_sailor_moon	sailor_moon
dmitri_shostakovich	shostakovich
c64	commodore_64
benedictine_order	benedictine
taiwanese_hokkien	taiwanese
los_angeles_times	the_los_angeles_times
fozzie_bear	fozzie
herald_sun	the_herald
monopolies	monopoly
mos_def	mos
brynhildr	brynhild
neo-nazism	neo-nazi
ayers_rock	uluru
hardware_stores	hardware_store
diabetic_ketoacidosis	dka
medallion	medal
cactaceae	cactus
linkin_park	xero
latin_vulgate	vulgate
cosmos	kosmos
albuquerque	alburquerque
high_cholesterol	hypercholesterolemia
rajiv_gandhi	rajiv
crater	impact_crater
arthur_compton	arthur_holly_compton
hurricane_irene	tropical_storm_irene
arachnida	arachnid
great_tribulation	tribulation
http	hypertext_transfer_protocol
sneeze	sneezing
flanders	flemish_region
kansas_city_athletics	oakland_athletics
font_family	typeface
la_scala	teatro_alla_scala
reba_mcentire	reba
sports	sport
dyspepsia	indigestion
executive_officer	xo
baltimore_city	baltimore
boeing	the_boeing_company
bill_gaines	william_gaines
49ers	san_francisco_49ers
initial_public_offering	ipo
adrianople	edirne
national_broadcasting_company	nbc
administrative_center	administrative_centre
emperor_hirohito	hirohito
khan_noonien_singh	khan
drafter	draughtsman
wallonia	walloon_region
cree_language	cree
boils	boil
david_cameron	prime_minister_david_cameron
port_jackson	sydney_harbour
real-time_strategy	rts
rudolph_giuliani	rudy_giuliani
flatulence	flatus
succinate	succinic_acid
coach	head_coach
lesbianism	lesbian
american_recordings	def_american
lake_malawi	lake_nyasa
osage_nation	osage
diplopoda	millipede
teslas	tesla
ghostface_killah	ghostface
plaza_hotel	the_plaza
box_jellyfish	cubozoa
uzbek_language	uzbek
bonnaroo_music_festival	bonnaroo
met_office	meteorological_office
dish_network	dish
chinese_cuisine	chinese_food
education	teaching
slits	the_slits
labor_day_weekend	labor_day
rastafarian	rastafari
alms	american_le_mans_series
dannii_minogue	dannii
network_adapter	network_card
intrauterine_device	iud
paul_reubens	reubens
dacia	roman_dacia
edgar_allan_poe	poe
greenpeace_international	greenpeace
sacagawea	sakakawea
walton	william_walton
americans	american
kanagawa_prefecture	kanagawa
giant_panda	panda
shaw_communications	shaw
internal_revenue_service	irs
fibonacci_number	fibonacci_sequence
ia	iowa
urinalysis	urine_test
transfer_rna	trna
ap	associated_press
cell_membrane	plasma_membrane
arid_climate	desert_climate
global_positioning_system	gps
uthman_ibn_affan	uthman
setswana	tswana
corea	korea
essays	the_essays
sephardi_jews	sephardic_jews
asian_british	british_asian
msn_messenger	windows_live_messenger
major_league_baseball	mlb
mississippi_state_penitentiary	parchman
smothers_brothers	the_smothers_brothers
attacker	striker
total_loss	totaled
stone_temple_pilots	stp
harz_mountains	harz
secure_shell	ssh
dreamworks_skg	dreamworks
arvn	south_vietnamese_army
phrygians	phrygia
sleeping	sleep
reims	rheims
jawaharlal_nehru	nehru
cryptography	cryptology
alexander_pushkin	pushkin
ukrainian_soviet_socialist_republic	ukrainian_ssr
ebert	roger_ebert
jacques_offenbach	offenbach
heat	miami_heat
amiga	commodore_amiga
edgar_award	edgars
whiskey	whisky
natural_resources	natural_resource
ottoman_architecture	ottoman
general_james_wolfe	james_wolfe
mekong_river	mekong
carl_maria_von_weber	weber
history	the_history_channel
dprk	north_korea
destiny	fate
rough_trade_records	rough_trade
galanthus	snowdrop
epic_fantasy	high_fantasy
daffodil	narcissus
bertolt_brecht	brecht
henry_wood	sir_henry_wood
kashubian_language	kashubian
umno	united_malays_national_organisation
stax_records	stax
aasho	aashto
bosch	robert_bosch_gmbh
euclidean_geometry	euclidean_plane
chemical_weapons	chemical_weapon
mechanical_work	work
cutler_bay	cutler_ridge
thrace	western_thrace
palestinian_authority	palestinian_national_authority
hanna-barbera_productions	hanna-barbera
high_priest	kohen_gadol
grand_funk_railroad	grand_funk
al_hirschfeld	hirschfeld
iconium	konya
archies	the_archies
claude_debussy	debussy
hetfield	james_hetfield
social_systems	social_system
devonshire	devon
phenylalanine	phe
medford_township	medford
f-4_phantom_ii	mcdonnell_douglas_f-4_phantom_ii
stooges	the_stooges
geestland	geest
experts	expert
augusta-richmond_county	augusta
fugees	the_fugees
lakota_people	lakota_sioux
dominic	saint_dominic
jainism	jain
all-terrain_vehicle	quad
menopausal	menopause
salvation_army	the_salvation_army
pergamon	pergamum
palaeography	paleography
vcd	video_cd
massachusetts_bay_transportation_authority	mbta
achaemenid_dynasty	achaemenid_empire
orinoco_river	orinoco
balochistan	baluchistan
standard_chartered_bank	standard_chartered
kingston_trio	the_kingston_trio
tropical_diseases	tropical_disease
disulfides	disulfide
fiqh	islamic_jurisprudence
laws	law
mililani_town	mililani
joe_mccarthy	joseph_mccarthy
radio_mast	radio_tower
riker	william_riker
film_production	filmmaking
phenylketonuria	pku
prime_number	prime
gleevec	imatinib
harvey_weinstein	harvey
commodore_international	commodore
brown_coal	lignite
dacca	dhaka
canal_lock	lock
leo_tolstoy	tolstoy
united_states_armed_forces	united_states_military
sahrawi_people	sahrawi
epcot_center	epcot
campground	campsite
absolute_majority	supermajority
military_organization	military_unit
fortune_magazine	fortune
robotics	robot
jerome	saint_jerome
greatest_hits_album	greatest_hits
gastric_cancer	stomach_cancer
orchestral	orchestra
big_blue	ibm
niu	northern_illinois_university
cardboard	corrugated_fiberboard
seine_river	seine
jewish_people	jew
fis	international_ski_federation
romanian_language	romanian
ho-chunk	winnebago
advanced_encryption_standard	rijndael
emc_corporation	emc
peter_mark_roget	roget
vestlandet	western_norway
management_consultant	management_consulting
western_cape_province	western_cape
whiteman_afb	whiteman_air_force_base
rolling_stone_magazine	rolling_stone
normandy_landings	operation_neptune
la_toya_jackson	la_toya
grainger	percy_grainger
chaney	lon_chaney
wyoming	wy
syrian_arab_republic	syria
beethoven	ludwig_van_beethoven
desktop_publishing	dtp
semiconductor_device_fabrication	semiconductor_fabrication
cleft_lip	cleft_palate
commission	committee
english_language	english
iaea	international_atomic_energy_agency
hannover	hanover
bing_crosby	bing
pakistan_peoples_party	ppp
orthodoxy	orthodox
titans	titan
lady_bird_lake	town_lake
social_democracy	social_democrat
the_velvet_underground	velvet_underground
golden_rule	the_golden_rule
naturopathic_medicine	naturopathy
blissymbolics	blissymbols
digital_television	dtv
baal_hatanya	shneur_zalman
land_claims	land_claim
santorini	thera
beijing_university	peking_university
bobby_womack	bobby
coumadin	warfarin
spike_tv	spike
teennick	the_n
bernardo_bertolucci	bernardo
dramatic_poetry	verse_drama
rca_records	rca
taxation	tax
santa_claus	santa
pentateuch	torah
codex	codices
rogers_centre	skydome
gay_marriage	same-sex_marriage
los_alamos_national_laboratory	los_alamos_scientific_laboratory
david_attenborough	sir_david_attenborough
catalan_language	catalan
siemens_ag	siemens
bi	business_intelligence
colonialism	colonial
mayor_michael_bloomberg	michael_bloomberg
outer_hebrides	western_isles
asphyxiation	asphyxia
stockholm_county	stockholm
thiruvananthapuram	trivandrum
arista_records	arista
ohio_high_school_athletic_association	ohsaa
ukrainian_parliament	verkhovna_rada
dj_muggs	muggs
artificial_selection	selective_breeding
king_midas	midas
croatia	hrvatska
karlheinz_stockhausen	stockhausen
hf	high_frequency
ogg_vorbis	vorbis
concert_tour	concert
genomic_imprinting	imprinting
ebro_river	ebro
contractures	contracture
arecaceae	palm_tree
third_world_war	world_war_iii
integrated_services_digital_network	isdn
black_people	black
alfred_sisley	sisley
alma-ata	almaty
constitutional_democracy	liberal_democracy
bhagavad_gita	gita
handoff	handover
communities	community
missouri	mo
aichi_prefecture	aichi
astronomical_object	celestial_object
bach	johann_sebastian_bach
alienation	social_alienation
american_music_awards	american_music_award
goethe	johann_wolfgang_von_goethe
call_center	call_centre
pints	pint
anu	australian_national_university
ribosomal_rna	rrna
gdp	gross_domestic_product
hypochondriasis	hypochondria
cars	the_cars
prague	praha
greek_macedonia	macedonia
feminism	feminist
kurdish_language	kurdish
chief_operating_officer	coo
spiritual_sequel	spiritual_successor
fontane	theodor_fontane
bayonets	bayonet
internet_archive	the_internet_archive
hollandia	jayapura
first_lady_michelle_obama	michelle_obama
sears_tower	willis_tower
masters_tournament	the_masters
intergovernmental_organization	intergovernmental
australian_cricket_board	cricket_australia
witchcraft	witch
robert_menzies	sir_robert_menzies
cordwainer_bird	harlan_ellison
chelsea_f.c.	chelsea
new_mexico	nm
sulfides	sulfide
electrical_engineering	electrical_engineer
nanometer	nanometre
blofeld	ernst_stavro_blofeld
lupus	systemic_lupus_erythematosus
quine	willard_van_orman_quine
diggers	excavator
basic_programming_language	basic
cn	copernicium
corneille	pierre_corneille
sc	south_carolina
gpu	graphics_processing_unit
david_fincher	fincher
shimla	simla
financial_statements	financial_statement
faiyum	fayyum
iron_maiden	maiden
cavaliers	cavalier
royal_philharmonic_orchestra	royal_philharmonic
qmjhl	quebec_major_junior_hockey_league
tornado	twister
time_magazine	time
fungi	fungus
fluoride	fluorine
il_principe	the_prince
judgement	judgment
marcus_antonius	mark_antony
himalayas	himalaya
su	syracuse_university
guru_granth_sahib	sri_guru_granth_sahib
arthur_honegger	honegger
ifc	international_finance_corporation
bernhardt	sarah_bernhardt
athlon	k7
anaemia	anemia
scrubland	shrubland
san_people	san
bart	bay_area_rapid_transit
moe_howard	moe
jon_pertwee	pertwee
fungal_infections	fungal_infection
mormonism	mormon
digital_millennium_copyright_act	dmca
dark_horse_comics	dark_horse
beckenbauer	franz_beckenbauer
dobrudja	dobruja
nikolai_rimsky-korsakov	rimsky-korsakov
curriculum_vitae	cv
ifrs	international_financial_reporting_standards
faz	frankfurter_allgemeine_zeitung
medevac	medical_evacuation
papiamento	papiamentu
dengue_fever	dengue
attleborough	attleboro
interpersonal_relationship	relationships
the_white_stripes	white_stripes
pdf	portable_document_format
pannonian_basin	pannonian_plain
computer_printer	printer
black_holes	black_hole
messiaen	olivier_messiaen
hinterlands	hinterland
f-104_starfighter	lockheed_f-104_starfighter
barcelona	fc_barcelona
gaga	lady_gaga
monosodium_glutamate	msg
lawrence_livermore_national_laboratory	llnl
sundance_film_festival	sundance
richard_rodgers	rodgers
robins_afb	robins_air_force_base
paolo_veronese	veronese
isak_dinesen	karen_blixen
amphibians	amphibian
intubation	tracheal_intubation
fe	iron
rensselaer_polytechnic_institute	rpi
remains	the_remains
relaxation_time	relaxation
lapd	los_angeles_police_department
postmodern_architecture	postmodern
san_francisco_international_airport	sfo
acrylic_paint	acrylic
trans_world_airlines	twa
mini_cooper	mini
human_society	society
lakota_language	lakota
roseanne_barr	roseanne
total_quality_management	tqm
abbott	bud_abbott
australian_outback	outback
faboideae	papilionoideae
klia	kuala_lumpur_international_airport
inter-process_communication	ipc
adenosine_triphosphate	atp
human_skin_color	skin_pigmentation
xerox_corporation	xerox
pdb	protein_data_bank
last_judgement	last_judgment
national_geographic_magazine	national_geographic
hdtv	high-definition_television
six_nations_championship	six_nations
fracking	hydraulic_fracturing
duke_university	duke
alexa_internet	alexa
international_telecommunication_union	itu
biopiracy	bioprospecting
paramahansa_yogananda	yogananda
wide_receiver	wr
herod_antipas	herod
glinka	mikhail_glinka
kinks	the_kinks
fulbright_scholarship	fulbright_scholar
barisan_nasional	bn
double_pneumonia	pneumonia
microsoft_outlook	outlook
los_angeles_philharmonic_orchestra	los_angeles_philharmonic
imap	internet_message_access_protocol
novonikolayevsk	novosibirsk
aquariums	aquarium
fused_quartz	fused_silica
carl_nielsen	nielsen
spin_magazine	spin
microwave_oven	microwave
berlioz	hector_berlioz
marx_brothers	the_marx_brothers
utopias	utopia
ebenezer_scrooge	scrooge
wipo	world_intellectual_property_organization
daily_express	sunday_express
jean_plaidy	victoria_holt
boston_herald	the_boston_herald
uncial_script	uncial
ceylon	sri_lanka
nebraska	ne
droitwich_spa	droitwich
plasmatics	the_plasmatics
sean_lennon	sean
monosaccharides	monosaccharide
english_setter	laverack
old_prussian	prussian
petrarchan_sonnet	petrarchan
imf	international_monetary_fund
king_james_bible	king_james_version
dutch_east_india_company	voc
epitaph_records	epitaph
dardanelles	hellespont
professor	university_professor
hallmark_cards	hallmark
kilimanjaro	mount_kilimanjaro
license_plates	number_plate
eid_al-adha	eid_ul-adha
tempest	the_tempest
cascading_style_sheets	css
da_ponte	lorenzo_da_ponte
bnl	brookhaven_national_laboratory
plebiscite	referendum
diseases	disease
stray_cats	the_stray_cats
salah	salat
citigroup	citi
dallas_area_rapid_transit	dart
maurice_ravel	ravel
scalable_vector_graphics	svg
bell_canada	bell
katanga_province	katanga
repertory_theatre	repertory
ccir	itu-r
henry_purcell	purcell
josquin_des_prez	josquin
tisa	tisza
adm	archer_daniels_midland
national_cancer_institute	nci
nederlandse_spoorwegen	ns
gemstone	gem
stadholder	stadtholder
long_hill_township	long_hill
fafner	fafnir
the_web	world_wide_web
jean_grey	marvel_girl
gun_crime	gun_violence
wright-patterson_afb	wright-patterson_air_force_base
osho	rajneesh
baroda	vadodara
south_central_los_angeles	south_los_angeles
ponds	pond
chechen_republic	chechnya
greenlandic	kalaallisut
serer_people	serer
wbc	world_boxing_council
ambient_music	ambient
electronic_instruments	electronic_musical_instrument
phoenix_suns	suns
antenna	radio_antenna
antonio_vivaldi	vivaldi
danube_river	danube
albert_einstein	einstein
electronic_engineering	electronics_engineering
art_brut	outsider_art
roskosmos	russian_federal_space_agency
dizzy_gillespie	dizzy
macedonian_language	macedonian
carmel-by-the-sea	carmel
justin_martyr	justin
judicial_system	judiciary
russian_orthodox_church	russian_orthodox
radnorshire	radnor
john_jones	martian_manhunter
juilliard_school	juilliard
commune	municipality
aol_time_warner	time_warner
gaulish_language	gaulish
edo_period	tokugawa_period
class_conflict	class_struggle
bms	bristol-myers_squibb
anton_webern	webern
frege	gottlob_frege
lancelot	sir_lancelot
alfred_de_musset	musset
antonym	opposites
small_bowel	small_intestine
television_network	tv_network
alec_douglas-home	sir_alec_douglas-home
charles_lutwidge_dodgson	lewis_carroll
landlocked_country	landlocked
admiral_nimitz	chester_nimitz
afc	american_football_conference
sids	sudden_infant_death_syndrome
violins	violin
hafez	hafiz
pricewaterhousecoopers	pwc
vegetarian_cuisine	vegetarian_food
electricity_consumption	power_consumption
epoch	j2000
death	deceased
bopomofo	zhuyin
reconquest	reconquista
carrots	carrot
heat_conduction	thermal_conduction
dell_computer	dell
ford_motor_company	ford
trabzon	trebizond
majapahit_empire	majapahit
irreversibility	irreversible_process
bloomberg_businessweek	business_week
medical_ultrasonography	ultrasonography
mustela	weasel
mishnah	mishna
bobby_drake	iceman
green_arrow	oliver_queen
auguste_escoffier	escoffier
national_transportation_safety_board	ntsb
scotch_whisky	scotch
farm	tax_farming
duns_scotus	john_duns_scotus
copper	cu
amartya_sen	sen
insurance_agent	insurance_broker
jesuits	jesuit
tigrigna	tigrinya
kibibyte	kib
ya	young_adult_literature
nippon_professional_baseball	npb
jewellery	jewelry
experimental_medicine	medical_research
arbitrariness	arbitrary
cyclops	scott_summers
boston_celtics	celtics
2lt	second_lieutenant
alec_baldwin	alec
erik_satie	satie
panic_attacks	panic_attack
anfield_road	anfield
disneyland_park	disneyland
moscow_state_university	moscow_university
edvard_grieg	grieg
vab	vehicle_assembly_building
kl	kuala_lumpur
diesel_multiple_unit	dmu
captain_nemo	nemo
county_kerry	kerry
pilsner	pils
aquaman	orin
human_urine	urine
independent_record_label	independent
british_railways	british_rail
madama_butterfly	madame_butterfly
colon	large_intestine
frodo_baggins	frodo
ducks	duck
general_george_marshall	george_marshall
huntington_library	the_huntington
korean_conflict	korean_war
britain	great_britain
vienna_philharmonic_orchestra	vienna_philharmonic
john_entwistle	the_ox
u.n.	united_nations
frg	west_germany
dick_cheney	vice_president_dick_cheney
harbor	harbour
nanjing_massacre	nanking_massacre
base	radix
menuet	minuet
batavia	jakarta
barber	samuel_barber
furlongs	furlong
madame_chiang	soong_may-ling
bloody_mary	mary_tudor
lord_vishnu	vishnu
concordia_university	sir_george_williams_university
breeders	the_breeders
serbian_language	serbian
robert_smirke	sir_robert_smirke
sheffield_wednesday	the_owls
bytes	byte
gelatine	gelatin
pacific_coast_league	pcl
freddie_mercury	freddie
hibernian	hibs
suicidal_tendencies	suicidal
pacific_time_zone	pst
quarts	quart
chevrolet	chevy
ascomycetes	ascomycota
bondi_beach	bondi
percentage	percent
choate_rosemary_hall	choate
cornell_university	cornell
al_franken	franken
dukas	paul_dukas
vistula_river	vistula
cemetery	graveyard
rich_text_format	rtf
hindustani_classical_music	hindustani_music
alexander_ii	emperor_alexander_ii
centre_national_de_la_recherche_scientifique	cnrs
mmhg	torr
firefox	mozilla_firefox
developer	software_developer
elephants	elephant
omega-3_fatty_acids	omega-3_fatty_acid
pohnpei	ponape
bird	charlie_parker
hofburg_palace	hofburg
ping_pong	table_tennis
buena_vista_home_entertainment	walt_disney_studios_home_entertainment
misfits	the_misfits
apache_software_foundation	asf
sulfate	sulphate
raaf	royal_australian_air_force
octavia_minor	octavia
mashad	mashhad
higher_criticism	historical_criticism
talcum_powder	talc
saragossa	zaragoza
nautical_miles	nautical_mile
sakha_republic	yakutia
w3c	world_wide_web_consortium
jefferson_starship	starship
gramophone_record	vinyl_record
hertfordshire	herts
nb	new_brunswick
sadomasochism	sm
federal_emergency_management_agency	fema
alcs	american_league_championship_series
lutheranism	lutheran
national_league_championship_series	nlcs
john_locke	locke
canyon	gorge
melissa_joan_hart	melissa
thirteen	wnet
william_ewart_gladstone	william_gladstone
arlecchino	harlequin
regional_organizations	regional_organization
county_longford	longford
auto_racing	automobile_racing
fiume	rijeka
audiencia	real_audiencia
original_video_animation	ova
da	dopamine
pregnancy	pregnant
calvary	golgotha
real_estate_agent	real_estate_broker
kristiania	oslo
boise_state_university	bsu
baptists	baptist
brunei_darussalam	brunei
ryuichi_sakamoto	sakamoto
plains_indians	plains
madeira_islands	madeira
pentecostalism	pentecostal
d66	democrats_66
middle_eastern_cuisine	middle_eastern
ba	british_airways
gravitational_slingshot	gravity_assist
ariosto	ludovico_ariosto
social_security_act	social_security
shiga_prefecture	shiga
acetylcholine	ach
home_depot	the_home_depot
melody	tune
succoth	sukkot
parasite	parasitism
echinodermata	echinoderm
quadraphonic_sound	quadraphonic
pharmaceutical_industry	pharmaceutical
scooby-doo	scooby
yamaguchi_prefecture	yamaguchi
mortimer_wheeler	sir_mortimer_wheeler
zoonoses	zoonosis
cme	coronal_mass_ejection
carnegie_mellon_university	cmu
byrds	the_byrds
guinevere	queen_guinevere
corse	corsica
clint_eastwood	clint
black_forest	schwarzwald
serbo-croatian_language	serbo-croatian
hippopotamus	hippo
burma	myanmar
vienna	wien
lighting_designer	lighting_design
geordi_la_forge	geordi
vintner	winemaker
principal_skinner	seymour_skinner
westland_aircraft	westland
hamlet	prince_hamlet
bl	yaoi
apartment_building	apartment
mozart	wolfgang_amadeus_mozart
ip_man	yip_man
campidoglio	capitoline_hill
county_meath	meath
croatian_democratic_union	hdz
demons	melbourne_football_club
clemson_university	clemson
tpg_capital	tpg
killer_whale	orca
anglo-catholicism	anglo-catholic
buddhahood	buddha
city_clerk	clerk
philadelphia	philly
annelida	annelid
monday_night_raw	wwe_raw
national_rifle_association	nra
freia	freyja
tatar_language	tatar
buddhism	buddhist
muscogee	muskogee
ziggy_marley	ziggy
east_asia	eastern_asia
stacy_keach	stacy
gynaecology	gynecology
clash	the_clash
automotive	car
big_bopper	the_big_bopper
great_reform_act	reform_act_1832
new_york_stock_exchange	nyse
haemophilia	hemophilia
cyprinidae	cyprinids
jewish_christians	jewish_christian
garbo	greta_garbo
kalmar_county	kalmar
lower_saxony	niedersachsen
computational_science	scientific_computing
solar_hot_water	solar_water_heating
lake_district_national_park	lake_district
diabetes_mellitus_type_1	type_1_diabetes
liliaceae	lily_family
un_security_council	united_nations_security_council
traffic_congestion	traffic_jam
premiere	sky_deutschland
passeri	songbird
nassau_inter-county_express	nice
peloponnese	peloponnesus
harrow_school	harrow
recall	recollection
colonel_bogey_march	colonel_bogey
cell_biology	cytology
gioachino_rossini	rossini
pine	pinus
constable	police_constable
eukaryota	eukaryote
mad_magazine	mad
malayalam_language	malayalam
common_fig	figs
general_omar_bradley	omar_bradley
america_online	aol
emacs	gnu_emacs
flu	influenza
bombay	mumbai
manganese	mn
diego_maradona	maradona
tulipa	tulip
breast_milk	human_milk
lida	lyda
boccaccio	giovanni_boccaccio
finzi	gerald_finzi
honey_bee	honeybees
spree_river	spree
nitroglycerine	nitroglycerin
hides	hide
bourbon_whiskey	bourbon
emmerdale_farm	emmerdale
apricots	apricot
security_guard	security_officer
baby_doc	jean-claude_duvalier
theater	theatre
giuseppe_verdi	verdi
cbs	columbia_broadcasting_system
ammonia	anhydrous_ammonia
the_undertones	undertones
apple_computers	apple_inc.
bavaria	bayern
salix	willow
cable_news_network	cnn
euro-american	european_american
deputy_president	vice_president
candidiasis	yeast_infection
kilobytes	kilobyte
anti-social_behaviour	antisocial_behavior
chekov	pavel_chekov
veronica_lodge	veronica
target_corporation	target
champaign-urbana	champaign
oxidation	redox
france	french_republic
respiratory_diseases	respiratory_disease
whoi	woods_hole_oceanographic_institution
cronus	kronos
bronchial_pneumonia	bronchopneumonia
kandinsky	wassily_kandinsky
delays	the_delays
deutsche_bahn_ag	deutsche_bahn
hotel_manager	hotelier
general_dynamics_corporation	general_dynamics
dundee_city	dundee
navarra	navarre
digital_signal_processing	dsp
ala	american_library_association
zarathustra	zoroaster
juan_carlos	king_juan_carlos_i
indic_languages	indo-aryan_languages
andrew_lloyd_webber	lloyd_webber
color_blindness	colour_blindness
delhi	national_capital_territory
pallava_dynasty	pallava
hemorrhoids	hemorrhoid
carlos_santana	santana
baroque_architecture	baroque
african_national_congress	anc
unfpa	united_nations_population_fund
glitter_band	the_glitter_band
alabama	al
okeh_records	okeh
merano	meran
decibels	decibel
jean-pierre_rampal	rampal
peter_kember	sonic_boom
barry_gibb	barry
archives	archive
bonzo_dog_band	bonzo_dog_doo-dah_band
andalucia	andalusia
huldrych_zwingli	ulrich_zwingli
london_stansted_airport	stansted
trotskyism	trotskyist
sumerian_language	sumerian
communications	communication
abraham	ibrahim
vivendi_universal	vivendi
john_kerry	senator_john_kerry
travel_agencies	travel_agency
democratic_national_committee	dnc
chief_technology_officer	cto
southern_football_league	southern_league
fielding	henry_fielding
dinosauria	dinosaur
death_cult	the_cult
madhuri_dixit	madhuri
busoni	ferruccio_busoni
cramps	the_cramps
tagalog_language	tagalog
adobe_photoshop	photoshop
netscape_communications_corporation	netscape
ld50	median_lethal_dose
nile_river	nile
diatomic_molecule	diatomic
ernest_hemingway	hemingway
casas	coleophora
chordata	chordate
vb	visual_basic
charles_ives	ives
support_vector_machine	svm
helianthus_annuus	sunflowers
dippy_dawg	goofy
new_general_catalogue	ngc
joe_lieberman	joseph_lieberman
game_show_network	gsn
deutschlandlied	german_national_anthem
uc_santa_cruz	ucsc
alger	algiers
main_river	main
compliance	regulatory_compliance
edge	the_edge
borderline_personality_disorder	bpd
solo	surakarta
corfu	kerkyra
relief_pitcher	reliever
yevgeny_zamyatin	zamyatin
johann_pachelbel	pachelbel
international_olympic_committee	ioc
thomas_alva_edison	thomas_edison
chili_peppers	red_hot_chili_peppers
pixies	the_pixies
character	fictional_character
cherubini	luigi_cherubini
baleen_whale	mysticeti
bananas	banana
hour	hrs
augusto_pinochet	pinochet
home_shopping_network	hsn
free_france	free_french_forces
pcr	polymerase_chain_reaction
wiki_markup	wikitext
aeronautical_engineering	aerospace_engineering
judy_garland	judy
kiwifruit	kiwi
dfb	german_football_association
akvavit	aquavit
bunny	rabbit
pahs	polycyclic_aromatic_hydrocarbons
durante	jimmy_durante
cosmic_inflation	inflation
dlc	downloadable_content
national_collegiate_athletic_association	ncaa
gloria_estefan	miami_sound_machine
thyroid_gland	thyroid
romanesque_architecture	romanesque
ermine	stoat
drusilla	dru
reggie_mantle	reggie
wages	wage
aramaic_language	aramaic
jonny_greenwood	jonny
uniform_resource_locator	url
maasai	maa
manhattan	new_york_county
isley_brothers	the_isley_brothers
coffee_shop	coffeehouse
domestic_violence	spousal_abuse
aeneid	the_aeneid
catty	jin
french_socialist_party	socialist_party
stalinism	stalinist
owl	web_ontology_language
original_dixieland_jass_band	original_dixieland_jazz_band
double	the_double
m4_sherman	sherman_tank
td	touchdown
blood_clot	thrombus
cervantes	miguel_de_cervantes
madge	madonna
county_westmeath	westmeath
new_musical_express	nme
rudolph_valentino	valentino
greek_revival_architecture	greek_revival
paediatrics	pediatrics
buckminsterfullerene	buckyball
pashto_language	pashto
detroit_red_wings	red_wings
af	atrial_fibrillation
max_goof	max
bowie	david_bowie
international_space_station	iss
hart_memorial_trophy	hart_trophy
guangdong_province	guangdong
tiny_toon_adventures	tiny_toons
handgun	pistol
lenape	lenni_lenape
mankind	mick_foley
national_theatre	royal_national_theatre
imperial_russia	russian_empire
apple_tree	apple
gothic_architecture	gothic
bittorrent	torrent
cambridge_university	cambridge
zombies	zombie
erectile_dysfunction	impotence
bronchodilators	bronchodilator
immune_suppression	immunosuppression
prion_disease	tse
detective	police_detective
monatomic_gas	monatomic
l-tryptophan	tryptophan
chairs	chair
odyssey	the_odyssey
ultimate_frisbee	ultimate
yazoo	yaz
boston_university	bu
florida_marlins	miami_marlins
adam_opel_ag	opel
douro_river	douro
poland	polska
joshua_reynolds	sir_joshua_reynolds
hectares	hectare
nbc_symphony_orchestra	nbc_symphony
sweet	the_sweet
simon_templar	the_saint
tennessee	tn
guadalquivir_river	guadalquivir
geraldo_rivera	geraldo
alp	australian_labor_party
elm_city	new_haven
ringo_starr	ringo
georg_wilhelm_friedrich_hegel	hegel
the_yardbirds	yardbirds
isopropanol	isopropyl_alcohol
denis_diderot	diderot
nigella_lawson	nigella
mandate_palestine	mandatory_palestine
gnu_lesser_general_public_license	lgpl
total_s.a.	total
insanity	madness
husky	siberian_husky
uc_san_diego	ucsd
sid_james	sidney_james
false_etymology	folk_etymology
james_dean	jimmy_dean
turntablism	turntablist
mary_wollstonecraft	wollstonecraft
symbols	symbol
a500	amiga_500
microscopic_scale	microscopic
al-ghazali	algazel
daniel_handler	lemony_snicket
kinneret	lake_tiberias
ethers	ether
faeroe_islands	faroe_islands
trey_anastasio	trey
game_boy_advance	gba
gaul	roman_gaul
kareem_abdul-jabbar	lew_alcindor
episcopal_church	protestant_episcopal_church
william_wordsworth	wordsworth
arcminutes	arcminute
ernest_shackleton	sir_ernest_shackleton
match_game	the_match_game
socialisation	socialization
avedon	richard_avedon
cervidae	deer
apulia	puglia
continents	continent
antidepressants	antidepressant
merovingian_dynasty	merovingian
ethnic_group	ethnicity
tactical_studies_rules	tsr
neurodegeneration	neurodegenerative_disease
drug_trafficking	illegal_drug_trade
haddon_township	westmont
zinc	zn
buggles	the_buggles
annette_funicello	annette
irish_naval_service	naval_service
oriental	orient
bagpipes	bagpipe
cincinnati	queen_city
mithraic_mysteries	mithraism
maggie_simpson	maggie
jean_giraud	moebius
internet_relay_chat	irc_client
heritage_foundation	the_heritage_foundation
ralph_richardson	sir_ralph_richardson
upper_dublin_township	upper_dublin
muscle_contractions	muscle_contraction
building_construction	construction
injuries	injury
the_trojan_women	trojan_women
military_helicopters	military_helicopter
commons	the_commons
urate	uric_acid
swans	sydney_swans
apparel	clothing
john_xii	pope_john_xii
leiden	leyden
alt-country	alternative_country
balkan_mountains	stara_planina
pre-eclampsia	toxemia
saint_sebastian	sebastian
horowitz	vladimir_horowitz
party_games	party_game
memorabilia	souvenir
elektra_records	elektra
mins	minute
psychosis	psychotic_disorders
lycra	spandex
malmstrom_afb	malmstrom_air_force_base
gnss	satellite_navigation
yleisradio	yle
apiculture	beekeeping
steve_van_zandt	steven_van_zandt
arminianism	arminian
buffalo_bill_cody	buffalo_bill
zulu_language	zulu
couch	sofa
sci_fi_channel	syfy
quantitative	quantity
natural_history_museum	the_natural_history_museum
oglala_lakota	oglala
hypodermis	subcutaneous_tissue
sydney_cbd	sydney_central_business_district
sicilia	sicily
eielson_afb	eielson_air_force_base
mycenaean_greece	mycenaean_period
cube	ice_cube
german_measles	rubella
capsize	capsizing
vampires	vampire
kingdom	monarchy
stettin	szczecin
harvard_university	harvard
conference_centre	convention_center
karlovy_vary	karlsbad
storm	thunderstorm
neuro-linguistic_programming	nlp
severus_snape	snape
rfu	rugby_football_union
secure_sockets_layer	transport_layer_security
computer_sciences_corporation	csc
un_charter	united_nations_charter
dante_alighieri	dante
brussels	bruxelles
latifah	queen_latifah
yukon_territory	yukon
avril_lavigne	avril
bayer_ag	bayer
radio_france_internationale	rfi
meatballs	meatball
boleyn_ground	upton_park
net_assets	net_worth
neil_peart	peart
britannia	roman_britain
allman_brothers	the_allman_brothers_band
the_y	ymca
olfaction	smell
bouncer	doorman
cms	content_management_system
rash	skin_rash
pmdd	premenstrual_dysphoric_disorder
big_island	hawaii
amilcare_ponchielli	ponchielli
christopher_wren	sir_christopher_wren
oxfordshire	oxon
cardassian_union	cardassian
john_paul_ii	pope_john_paul_ii
idm	intelligent_dance_music
swan_song_records	swan_song
inches	inch
afro-asiatic	afroasiatic_languages
gregory_v	pope_gregory_v
big_pine_key	big_pine
lion	panthera_leo
specials	the_specials
brahms	johannes_brahms
vertebrata	vertebrate
ficus	fig
carl_gustav_jung	carl_jung
covert_action	covert_operation
miyagi_prefecture	miyagi
chrysalis_records	chrysalis
betrothal	engagement
majorca	mallorca
yenisei_river	yenisey
station_agent	station_master
general_accounting_office	government_accountability_office
sans_institute	sans
kim_kardashian	kim
abruzzi	abruzzo
abolitionism	abolitionist
naras	the_recording_academy
kylie_minogue	kylie
bbc2	bbc_two
canadian_football_league	cfl
taste	the_taste
siouxsie_sioux	siouxsie
plans	plan
city_centre	manchester_city_centre
unitarian_universalism	unitarian_universalist
muscle_pain	myalgia
charles_wheatstone	sir_charles_wheatstone
open_source_initiative	osi
octa	orange_county_transportation_authority
boston_pops_orchestra	boston_pops
carbon_dioxide	co2
awol	desertion
ketubah	marriage_contract
bonham_carter	helena_bonham_carter
prime_minister_tony_blair	tony_blair
itunes_music_store	itunes_store
second_vatican_council	vatican_ii
tanjore	thanjavur
marsh	morass
mental_function	mental_process
baking_soda	sodium_bicarbonate
chams	cham
gudrun	kriemhild
h._pylori	helicobacter_pylori
platform_game	platformer
mental_breakdown	nervous_breakdown
chico_marx	chico
bantu_peoples	bantu
arizona	az
igor_stravinsky	stravinsky
chinese_constellations	chinese_constellation
hampden_park	hampden
israelites	israelite
groucho_marx	groucho
teiresias	tiresias
mentha	mint
poles	polish_people
john_coltrane	trane
general_practitioner	gp
little_egypt	southern_illinois
sabbatical_year	sabbatical
moorish	moors
advertising_agencies	advertising_agency
soviet_union	ussr
thread	yarn
sichuan_province	sichuan
tigris_river	tigris
kilometres	kilometre
marquis_de_sade	sade
north_india	northern_india
chomsky	noam_chomsky
driving_miss_daisy	miss_daisy
human_skeleton	skeletal_system
fox_mulder	mulder
caravan_park	rv_park
big_red_machine	the_big_red_machine
borinquen	puerto_rico
emilia-romagna	emilia
floor_covering	flooring
electromagnetic_pulse	emp
olympic_games	olympics
norman_architecture	norman
gilbert_islands	kiribati
female	girl
congas	conga
changing_room	locker_room
ilocano	ilokano
hydrologic_cycle	water_cycle
shan_state	shan
buenos_aires_province	buenos_aires
kwazulu-natal	natal
simon_rattle	sir_simon_rattle
orchidaceae	orchid
wcw	world_championship_wrestling
hebe	juventas
laurence_olivier	sir_laurence_olivier
bbc_radio_1	bbc_radio_one
rna_interference	rnai
daeva	div
hollywood_squares	the_hollywood_squares
east_indies	indies
expressionism	expressionist
scallions	scallion
crawfish	crayfish
new_hampshire	nh
turbocharger	turbo
icu	intensive_care_unit
infectious_mononucleosis	mononucleosis
jacobite_rebellion	jacobite_risings
kamehameha_i	kamehameha
huang_he	yellow_river
green_lantern	hal_jordan
west_texas_intermediate	wti
fungicides	fungicide
dns	domain_name_system
wired_magazine	wired
loyalty_card	loyalty_program
robert_walpole	sir_robert_walpole
impulsiveness	impulsivity
valentines	valentine
euro	eur
rheinland-pfalz	rhineland-palatinate
katagalugan	tagalog_republic
nematode	roundworms
broiling	grilling
arts	the_arts
hebrew_calendar	jewish_calendar
blackbeard	edward_teach
crataegus	hawthorn
sharp_corporation	sharp
central_nervous_system	cns
pants	trousers
costello	lou_costello
palaeozoic	paleozoic
benny_andersson	benny
flaming_lips	the_flaming_lips
midway_games	midway
radio-frequency_identification	rfid
infrared	ir
loch_ness_monster	nessie
wisconsin	wi
nclb	no_child_left_behind_act
diodorus_siculus	diodorus
chicago_symphony_orchestra	cso
mister_fantastic	reed_richards
double_bill	double_feature
eastern_seaboard	us_east_coast
metropolitan_transportation_authority	mta
basso_continuo	figured_bass
atlanta_braves	boston_braves
fm_broadcasting	fm_radio
inclination	orbital_inclination
decompression_sickness	the_bends
ostrogoths	ostrogoth
guardian	the_guardian
friedrich_nietzsche	nietzsche
fashion_industry	fashion
sandman	the_sandman
littoral_zone	littoral
frank_zappa	zappa
jean_racine	racine
kling_klang_studio	kling_klang
eiffel_tower	la_tour_eiffel
vandenberg_afb	vandenberg_air_force_base
arthropoda	arthropod
isaac_newton	sir_isaac_newton
averroes	ibn_rushd
best_motion_picture	outstanding_production
affleck	ben_affleck
punch_card	punched_card
maximization	profit_motive
l.a.	los_angeles
indo-china	mainland_southeast_asia
rosetta_tharpe	sister_rosetta_tharpe
berlin_airlift	berlin_blockade
special_forces	special_operations_forces
corn	maize
northamptonshire	northants
adar_ii	adar
mukden	shenyang
washington_state_university	wsu
football_league_championship	the_championship
art_gallery	art_museum
saudi_arabian_airlines	saudia
flushing	vlissingen
romulus_augustulus	romulus_augustus
almshouses	almshouse
1st_avenue	first_avenue
hst	hubble_space_telescope
crystal_palace_f.c.	crystal_palace
vans_warped_tour	warped_tour
clara_schumann	clara_wieck
typhoeus	typhon
partridge_family	the_partridge_family
amu_darya	oxus_river
ntl	virgin_media
arnold_schoenberg	schoenberg
medina	yathrib
forest	nottingham_forest
turnips	turnip
odor	odour
haymarket_theatre	theatre_royal_haymarket
supernovae	supernova
wireless_communication	wireless
cockney_rhyming_slang	rhyming_slang
ashoka	asoka
tyndall_afb	tyndall_air_force_base
chaucer	geoffrey_chaucer
clare	county_clare
bonnie_prince_charlie	charles_edward_stuart
x11	x_window_system
exercise	physical_exercise
z80	zilog_z80
charles_dickens	dickens
rutgers_university	rutgers
robert_schumann	schumann
bharatiya_janata_party	bjp
grand_prix_motorcycle_racing	motogp
david_letterman	letterman
iannis_xenakis	xenakis
cfo	chief_financial_officer
torpedo_bomber	torpedo
pstn	public_switched_telephone_network
chrome	google_chrome
valar	vala
burns	burn
parlophone_records	parlophone
athletic_bilbao	athletic_club
formula_2	formula_two
western_civilization	western_culture
new_york_university	nyu
english_americans	english_american
age-related_macular_degeneration	macular_degeneration
husayn_ibn_ali	hussein_ibn_ali
allergies	allergy
dayak_people	dayak
reval	tallinn
tartaric_acid	tartrate
myopathies	myopathy
flavius_josephus	josephus
def_jam_recordings	def_jam
james_bowie	jim_bowie
friso	prince_friso
sco	shanghai_cooperation_organisation
string_instruments	string_instrument
lives	parallel_lives
bridegroom	groom
mainline_protestant	mainline
orrin_hatch	senator_hatch
headaches	headache
monkees	the_monkees
pop_music	pop
caucasian	white
blues_music	blues
eastern_orthodox_church	eastern_orthodoxy
endemic	endemism
nato	north_atlantic_treaty_organization
strangling	strangulation
solubility	soluble
insights	insight
online_auctions	online_auction
islamic_world	muslim_world
animals	the_animals
harpo_marx	harpo
indiana_jones	indy
holloman_afb	holloman_air_force_base
welsh_language	welsh
nortel_networks	nortel
nellis_afb	nellis_air_force_base
moog_synthesizer	moog
poverty_alleviation	poverty_reduction
captain_john_smith	john_smith
television_new_zealand	tvnz
hermitage_museum	state_hermitage_museum
jove	jupiter
anton_rubinstein	rubinstein
cork	county_cork
socialist_left_party	sv
environmental_remediation	remediation
semiology	semiotics
pain_management	pain_medicine
rangefinder_camera	rangefinder
sketch_comedy	sketch
advanced_micro_devices	amd
radhakrishnan	sarvepalli_radhakrishnan
lebron_james	lebron
gin_rummy	gin
mcg	melbourne_cricket_ground
hellenistic_civilization	hellenistic_period
solar_masses	solar_mass
noble_metals	noble_metal
county_mayo	mayo
cluj-napoca	cluj
cab	taxicab
shaolin_monastery	shaolin_temple
black_eyed_peas	the_black_eyed_peas
rapture	the_rapture
general_anaesthesia	general_anesthesia
takeshi_kitano	takeshi
color	colour
handheld	mobile_device
gustav_holst	holst
humber	river_humber
cubits	cubit
forest_lawn_cemetery	forest_lawn_memorial_park
midwestern_united_states	midwest
woody_woodpecker	woody
anton_van_leeuwenhoek	antonie_van_leeuwenhoek
henry_mancini	mancini
abominable_snowman	yeti
honda_center	the_pond
institutions	institution
v-2_rocket	v-2
hina	ina
catherine_zeta-jones	zeta-jones
mexicans	mexican
fort_carillon	fort_ticonderoga
pyruvate	pyruvic_acid
aud	australian_dollar
western_movie	western
sir_thomas_beecham	thomas_beecham
fortunes	the_fortunes
president_richard_nixon	richard_nixon
etruscan_language	etruscan
marquess	marquis
music_notation	musical_notation
bbb	better_business_bureau
kings	sacramento_kings
regulatory_agency	regulatory_authority
marine_science	oceanography
yongle_emperor	zhu_di
santa_cruz_de_la_sierra	santa_cruz
lockerbie_bombing	pan_am_flight_103
esfahan	isfahan
princess_leia_organa	princess_leia
terminator	the_terminator
pet	positron_emission_tomography
september	sep
heilongjiang_province	heilongjiang
fatigue	metal_fatigue
loch	lough
augustinians	augustinian
self-confidence	self-confident
heinrich_himmler	himmler
associates	the_associates
urdu_language	urdu
ditko	steve_ditko
gogol	nikolai_gogol
genetic_mutation	mutation
northern_pacific_railroad	northern_pacific_railway
grimm	jacob_grimm
qld	queensland
friedrich_bessel	friedrich_wilhelm_bessel
drowsiness	somnolence
batman	bruce_wayne
georg_philipp_telemann	telemann
beetroot	beet
cylinder	cylindrical
drug_addiction	drug_dependence
sir_walter_raleigh	walter_raleigh
jewish_denominations	jewish_religious_movements
silverstone_circuit	silverstone
floyd_mayweather_jr.	floyd_mayweather
brass_knuckles	knuckles
joseph	yosef
coblenz	koblenz
traffic_light	traffic_signal
atlantic_intracoastal_waterway	intracoastal_waterway
afghan_whigs	the_afghan_whigs
hammer_film_productions	hammer_horror
fender_rhodes	rhodes_piano
graphical_user_interface	gui
papal_court	papal_household
uniform_resource_identifier	uri
e._coli	escherichia_coli
united_service_organizations	uso
requiem_mass	requiem
anatomically_modern_humans	homo_sapiens_sapiens
nationalism	nationalist
mail_carrier	postman
schroon_lake	schroon
adult_film	pornographic_film
astronaut	cosmonaut
bakhtin	mikhail_bakhtin
pension_funds	pension_fund
viola_da_gamba	viol
wembley_stadium	wembley
platters	the_platters
porphyrias	porphyria
old_vic_theatre	the_old_vic
consumer_price_index	cpi
cajun_cuisine	cajun
westwood_studios	westwood
lord_shiva	shiva
taj_mahal	taj
ronettes	the_ronettes
big_show	the_giant
half-mast	half-staff
phi_beta_kappa_society	phi_beta_kappa
adolph_zukor	zukor
labrador_retriever	labrador
nicholas_ii	tsar_nicholas_ii
masovia	mazovia
gretzky	wayne_gretzky
liam_gallagher	liam
internet	the_internet
jpeg	jpg
geri_halliwell	geri
seneca_people	seneca_tribe
iucn	world_conservation_union
ascalon	ashkelon
boss	final_boss
caribbean_cuisine	caribbean
tube	tubing
somali_language	somali
property_developer	real_estate_development
stenosis	stricture
formula_3	formula_three
draco_malfoy	draco
brooklyn	kings_county
harry_potter	harry
brake_pads	brake_pad
passeriformes	passerine
south_asia	southern_asia
russian_federation	russia
globus_pallidus	pallidum
charpentier	marc-antoine_charpentier
playstation_2	ps2
flagellation	flogging
plc	public_limited_company
estate_tax	inheritance_tax
county_sligo	sligo
dischord_records	dischord
righteous_brothers	the_righteous_brothers
peach_tree	peach
baritone_saxophone	baritone_sax
lesser_sunda_islands	nusa_tenggara
green_hornet	the_green_hornet
aclu	american_civil_liberties_union
end_times	last_days
bugs_bunny	bugs
volkswagen	vw
holidays	holiday
psv_eindhoven	psv
faa	federal_aviation_administration
trainer_aircraft	trainer
grammy_awards	grammys
bass_river_township	bass_river
coroners	coroner
american_psychological_association	apa
mems	microelectromechanical_systems
miscarriage	spontaneous_abortion
carmelites	carmelite
nursery	plant_nursery
adobe_illustrator	illustrator
creation_records	creation
mtv_unplugged	unplugged
blog	weblog
agt	telus
nonesuch_records	nonesuch
old_east_slavic	old_russian
dha	docosahexaenoic_acid
tianjin	tientsin
calcutta	kolkata
13_colonies	thirteen_colonies
annuities	annuity
nba_slam_dunk_contest	slam_dunk_contest
northwest_territories	nwt
all-american	all-america
fairchild_afb	fairchild_air_force_base
mercury_program	project_mercury
parsecs	parsec
holy_trinity	trinity
playoffs	playoff
heavy_metal_music	heavy_metal
fatty	roscoe_arbuckle
national_film_board	nfb
dr_congo	rdc
ground_zero	world_trade_center_site
pop3	post_office_protocol
religious_music	sacred_music
smiths	the_smiths
clay_animation	claymation
sveriges_television	svt
cavan	county_cavan
animated_gif	gif
moonglows	the_moonglows
squaresoft	square
calvinism	calvinist
palaeontology	paleontology
norwegian_language	norwegian
malcolm_sargent	sir_malcolm_sargent
freud	sigmund_freud
legislative_power	legislature
cataracts	cataract
anjouan	nzwani
mexico	united_mexican_states
hakka_chinese	hakka
organ_transplantation	organ_transplant
playing_cards	playing_card
antonia_fraser	lady_antonia_fraser
balkan_peninsula	balkans
everglades	florida_everglades
sporting_news	the_sporting_news
square_metres	square_metre
oklahoma_city_thunder	thunder
film_director	filmmaker
lombardia	lombardy
logarithms	logarithm
peak_district_national_park	peak_district
charles_gounod	gounod
boac	british_overseas_airways_corporation
pepsi-cola	pepsi
organ_donation	organ_donor
franco_zeffirelli	zeffirelli
new_york_philharmonic_orchestra	new_york_philharmonic
saracens	saracen
the_triffids	triffids
malignant_melanoma	melanoma
diptera	fly
layman	layperson
computer_security	cybersecurity
dave_mustaine	mustaine
tori_spelling	tori
music_genre	musical_genre
johore	johor
theravada_buddhism	theravada
catfish	siluriformes
food_industry	food
new_york_times_bestseller_list	the_new_york_times_best_seller_list
blood_serum	serum
qb	quarterback
stage_director	theater_director
fukushima_prefecture	fukushima
sri_international	stanford_research_institute
a_christmas_carol	christmas_carol
broadcast_journalism	journalism
akita_prefecture	akita
nasir_al-din_al-tusi	tusi
iran	persia
location	place
german_shepherd_dog	german_shepherd
australian_broadcasting_commission	australian_broadcasting_corporation
residents	the_residents
mann	thomas_mann
algol_60	algol
amnesia	memory_loss
methionine	met
altair_8800	mits_altair_8800
inorganic_chemicals	inorganic_compound
accountancy	accounting
abington_township	abington
ketchup	tomato_ketchup
four_tops	the_four_tops
april	apr
hessen	hesse
roman_catholic_church	the_catholic_church
erythrocyte_sedimentation_rate	esr
computer_networks	computer_network
temptations	the_temptations
blackburn_rovers	rovers
international_taekwon-do_federation	itf
country_music	country
darius_milhaud	milhaud
golf	volkswagen_golf
chemical_nomenclature	iupac_nomenclature
ells	ell
francis_poulenc	poulenc
polynomial_time	time_complexity
rnli	royal_national_lifeboat_institution
king_willem-alexander	willem-alexander
tamerlane	timur
midnight_special	the_midnight_special
gaviiformes	loon
dido	elissa
hejaz	hijaz
herbert_von_karajan	karajan
stoicism	stoic
electronic_noise	noise
byrd	william_byrd
kharkiv	kharkov
dystheism	misotheism
tablet_computer	tablet
chinese_language	chinese
manta_ray	manta
phantom_blot	the_phantom_blot
polynesian	polynesia
diesel_fuel	diesel
pittsburgh_steelers	steelers
shields	shield
local_food	local
bacteria	bacterium
new_scotland_yard	scotland_yard
milano	milan
natural_sciences	natural_science
genitive_case	genitive
alexander_scriabin	scriabin
canton	guangzhou
threonine	thr
bretagne	brittany
ent	otolaryngology
channel_nine	nine_network
peregrine_falcon	peregrine
complementary_colors	complementary_color
fabulous_thunderbirds	the_fabulous_thunderbirds
music_theatre	musical_theatre
glider	sailplane
chennai	madras
climate_change	global_warming
cold	common_cold
john_merrick	joseph_merrick
bp	british_petroleum
computer_software	software
bobsled	bobsleigh
coding	computer_programming
liaoning_province	liaoning
johann_schmidt	red_skull
oak	quercus
adelphi_theatre	adelphi
nursery_rhymes	nursery_rhyme
county_leitrim	leitrim
arminius	hermann
archaeology	archeology
excel	microsoft_excel
iec	international_electrotechnical_commission
open_university	the_open_university
armenian_language	armenian
birmingham_symphony_orchestra	cbso
chloride	chlorine
flaubert	gustave_flaubert
chinese_martial_arts	kung_fu
rembrandt_van_rijn	rembrandt
gospel_music	gospel
claudio_monteverdi	monteverdi
graphic_artist	graphic_designer
gender_identity_disorder	gid
hydra	lernaean_hydra
christian_dior	dior
charles_xavier	professor_x
benjamin_britten	britten
sinhala	sinhalese
oil_tanker	petroleum_tanker
cor_anglais	english_horn
atari_8-bit_family	atari_800
portland	rose_city
michael_nesmith	mike_nesmith
steve_wozniak	woz
motorsports	motorsport
chiba_prefecture	chiba
bell_laboratories	bell_labs
norrbotten_county	norrbotten
frusciante	john_frusciante
county_durham	durham
floating_bridge	pontoon_bridge
anxiety_disorders	anxiety_disorder
columba	saint_columba
molotov	vyacheslav_molotov
html	hypertext_markup_language
ds1	t1
al-quds	jerusalem
faces	the_faces
siam	thailand
doors	the_doors
saros_cycle	saros
october_war	yom_kippur_war
bk	burger_king
edward_hopper	hopper
constantinople	istanbul
fractal_geometry	fractal
globalisation	globalization
city_planning	urban_development
holy_mountain	mount_athos
aomori_prefecture	aomori
sir_thomas_malory	thomas_malory
seeds	seed
unep	united_nations_environment_programme
end-user_license_agreement	eula
eib	european_investment_bank
felix_mendelssohn	mendelssohn
united_states_coast_guard	uscg
diana_prince	wonder_woman
dniester_river	dniester
bukovina	northern_bukovina
value-added_tax	vat
gustav_mahler	mahler
toronto_transit_commission	ttc
capability_maturity_model	cmm
ribonucleic_acid	rna
aurobindo	sri_aurobindo
eastern_han_dynasty	han_dynasty
chan	jackie_chan
akhenaten	amenhotep_iv
national_football_conference	nfc
george_vi	king_george_vi
monuc	monusco
firenze	florence
epiphany	twelfth_day
l-dopa	levodopa
grande_comore	ngazidja
brown_university	brown
magnetoencephalography	meg
congee	rice_porridge
nadph	nadp
church_body	local_church
flying_burrito_brothers	the_flying_burrito_brothers
twelvers	twelver
astrodynamics	orbital_mechanics
small_faces	the_small_faces
sony_music_entertainment	sony_music
kentucky_fried_chicken	kfc
german_army	heer
military_justice	military_law
sodium_dodecyl_sulfate	sodium_lauryl_sulfate
macross	the_super_dimension_fortress_macross
anakin_skywalker	darth_vader
chicago_transit_authority	cta
antisocial_personality_disorder	antisocial
michael	saint_michael
british_telecom	bt_group
volts	volt
rabindranath_tagore	tagore
boulder_dam	hoover_dam
automaker	automotive_industry
4wd	four-wheel_drive
peter_scott	sir_peter_scott
local_government	municipal_government
modernism	modernist
cloves	clove
middle_persian	pahlavi
moody_blues	the_moody_blues
amazon_kindle	kindle
kiteboarding	kitesurfing
miles	mile
kfor	kosovo_force
estonian_language	estonian
financial_times	the_financial_times
texas	tx
county_road	county_route
heresies	heresy
sahara_desert	sahara
postgresql	postgres
abdul_kalam	kalam
francis_bacon	sir_francis_bacon
everton_f.c.	everton
extensible_markup_language	xml
local_supercluster	virgo_supercluster
playstation_portable	psp
walmart_stores	walmart
soekarno	sukarno
polling_place	polling_station
safavid_dynasty	safavid_empire
rhine_river	rhine
barbie_doll	barbie
game	the_game
engine	motor
cherokee_nation	cherokee
united_artists_records	united_artists
cockfighting	cockfight
scanning_electron_microscope	sem
document_object_model	dom
mount_laurel_township	mount_laurel
cathode_ray_tube	crt
alcatraz_island	alcatraz
tiber_river	tiber
telegraphy	telegraph
argument	arg
busan	pusan
file_transfer_protocol	ftp
robert_peel	sir_robert_peel
jam	the_jam
disabilities	disability
frankenstein	the_monster
oil_sands	tar_sands
american_public_media	apm
babylonian	babylonia
optical_fiber	optical_fibre
hammer	mc_hammer
steaks	steak
standard	technical_standard
barbarian_invasions	migration_period
mikvah	mikveh
amoy	xiamen
sedatives	sedative
points	point
chernobyl_accident	chernobyl_disaster
city_center	new_york_city_center
viipuri	vyborg
seagate_technology	seagate
sports_commentator	sportscaster
projects	project
phonogram_records	phonogram
cfd	computational_fluid_dynamics
sondheim	stephen_sondheim
boise_city	boise
bede	venerable_bede
alternation	snub
priestess	priest
impressions	the_impressions
november	nov
hard_disk_drive	hdd
penguins	penguin
learning_disabilities	learning_disability
yellow_magic_orchestra	ymo
uml	unified_modeling_language
rs	runescape
2012_summer_paralympics	paralympics
personal_development	personal_growth
telugu_language	telugu
multiple_myeloma	myeloma
home_army	polish_home_army
near-earth_object	neos
goiter	goitre
aria_awards	aria_music_awards
ammo	ammunition
wiltshire	wilts
jal	japan_airlines
jhu	johns_hopkins_university
game_developers_conference	gdc
ascension_day	ascension
sulfur_dioxide	sulphur_dioxide
hypovolemia	hypovolemic_shock
open_group	the_open_group
calicut	kozhikode
moralism	morality
logan_airport	logan_international_airport
parody	spoof
folate	folic_acid
queen_wilhelmina	wilhelmina
imperial_council	reichsrat
drowned	drowning
cure	the_cure
babylonian_talmud	talmud
gemini_program	project_gemini
high_commissioner	high_commission
helsingfors	helsinki
radians	radian
recreational_vehicle	rv
tanach	tanakh
harold_godwinson	harold_ii
lysine	lys
icbm	intercontinental_ballistic_missile
ron_wood	ronnie_wood
brown_rat	rattus_norvegicus
dohc	sohc
win32	windows_api
microsoft_office	office
model_united_nations	model_un
agnosticism	agnostic
minnesota_timberwolves	timberwolves
emesis	vomiting
maltese_language	maltese
playstation_network	psn
aramaeans	arameans
ftse_100_index	ftse_100
fragile_x_syndrome	fxs
donizetti	gaetano_donizetti
pap_smear	pap_test
latin_language	latin
british_sign_language	bsl
eastern_bloc	soviet_bloc
alcohol_intoxication	inebriated
lan	local_area_network
complex	coordination_complex
national_labor_relations_board	nlrb
aluminium	aluminum
bark	barque
port_wine	port
animal_feed	fodder
nazi_germany	third_reich
dixie_chicks	the_dixie_chicks
base_ten	decimal
credit_cards	credit_card
king_solomon	solomon
borussia_dortmund	dortmund
niacin	nicotinic_acid
breathlessness	dyspnea
check	cheque
disc_golf	frisbee_golf
maurya_empire	mauryan_empire
comptroller	controller
philip_sidney	sir_philip_sidney
rio_de_janeiro	rio
des_moines	fort_des_moines
digital_subscriber_line	dsl
protista	protist
vfx	visual_effects
british_overseas_territories	british_overseas_territory
jewish	judaism
rebecca	rebekah
rc_cola	royal_crown
county_monaghan	monaghan
lpga_tour	lpga
film_music	film_score
dadaism	dada
package	software_package
north_vietnamese_army	vpa
camaro	chevrolet_camaro
panzer	tank
last_supper	the_last_supper
train_crash	train_wreck
greater_toronto_area	gta
boniface	saint_boniface
daily_variety	variety
sir_william_herschel	william_herschel
county_wicklow	wicklow
southwest_conference	swc
seminole_indians	seminole
chuang_tzu	zhuangzi
philip_melanchthon	philipp_melanchthon
alternate_history	alternative_history
ide	integrated_development_environment
kelvins	kelvin
rb	rubidium
shamanism	shaman
esa	european_space_agency
football_association	the_football_association
unitarianism	unitarian
taito_corporation	taito
baruch_spinoza	spinoza
anura	frog
human_league	the_human_league
county_kildare	kildare
london_blitz	the_blitz
puranas	puranic
suebi	suevi
franz_kafka	kafka
pop_culture	popular_culture
antitrust	competition_law
kailua-kona	kailua
marathi_language	marathi
most_valuable_player	mvp
portsmouth_naval_shipyard	portsmouth_navy_yard
ngo	non-governmental_organization
colin_davis	sir_colin_davis
anna_marie	rogue
ram_dass	richard_alpert
leica_camera	leitz
krakatau	krakatoa
the_wiggles	wiggles
stones	stone
romberg	sigmund_romberg
firewire	ieee_1394
international_rice_research_institute	irri
falcon	the_falcon
radiation_therapy	radiotherapy
allan_dwan	dwan
stanford_university	stanford
ave_maria	hail_mary
picardie	picardy
bryozoa	ectoprocta
pierre_elliott_trudeau	pierre_trudeau
mercedes-benz	mercedes
eds	electronic_data_systems
pre-socratic_philosophy	pre-socratic
mongolian_language	mongolian
cortisol	hydrocortisone
offspring	the_offspring
collingwood_football_club	magpies
verandah	veranda
bullying	bully
sheltie	shetland_sheepdog
feynman	richard_feynman
dsm-iv-tr	dsm
john_betjeman	sir_john_betjeman
shadows	the_shadows
champions_league	european_cup
fmd	foot-and-mouth_disease
mtv_video_music_award	vma
jiddu_krishnamurti	krishnamurti
movement_disorders	movement_disorder
student_council	student_government_association
aragon	louis_aragon
palaeolithic	paleolithic
v8_supercars	v8_supercar
communism	communist
northumbrian_dialect	northumbrian
arthur_sullivan	sir_arthur_sullivan
spc	statistical_process_control
parsippany-troy_hills	parsippany
stories	the_stories
fertilisation	fertilization
nuclear_transmutation	transmutation
illyrian	illyria
pertussis	whooping_cough
biomedical_sciences	health_sciences
cosa_nostra	sicilian_mafia
nara_prefecture	nara
little_bear	ursa_minor
pontiac_silverdome	silverdome
marshall_tucker	the_marshall_tucker_band
juventus	juve
x-mansion	xavier_institute
skateboard_park	skatepark
washer	washing_machine
azimuthal	azimuth
airbase	military_airbase
pryor_creek	pryor
volkswagen_beetle	vw_beetle
haku	meng
ion_television	pax_tv
conifers	pinophyta
performance_arts	performance_art
sandbar	shoal
gas_bladder	swim_bladder
atomic_force_microscope	atomic_force_microscopy
francia	frankish_kingdom
intellectual_property	ip
edinburgh_festival_fringe	edinburgh_fringe_festival
nafta	north_american_free_trade_agreement
anton_bruckner	bruckner
cma_awards	country_music_association_awards
afdb	african_development_bank
japan_self-defense_forces	jsdf
lifetime_television	lifetime
geezer_butler	geezer
music_director	musical_director
captain	naval_captain
racing_club	racing
anthology_film	anthology
bluegrass_music	bluegrass
chronic_myelogenous_leukemia	cml
chamorro_people	chamorros
electro-motive_diesel	emd
classical_architecture	classical
blonde	blond
barns	barn
annapurna_i	annapurna
language_revitalization	language_revival
billboard_magazine	billboard
valencia_cf	valencia
neighborhoods	neighbourhood
social_anxiety_disorder	social_phobia
jennifer_saunders	saunders
tnt	trinitrotoluene
dewey_decimal_classification	dewey_decimal_system
tribune_company	tribune_media
agglomeration	urban_agglomeration
souk	souq
dokdo	liancourt_rocks
cyanides	cyanide
basso	bass
altria	philip_morris
board_games	board_game
charites	graces
boreal_forest	taiga
race_course	race_track
noodles	noodle
godfather	the_godfather
united_states_census_bureau	us_census_bureau
harare	salisbury
howard_zinn	zinn
creek	mvskoke
jaffa	joppa
fdi	foreign_direct_investment
corozal_district	corozal
jules_massenet	massenet
beading	beadwork
wimbledon_championships	wimbledon
obe	out-of-body_experience
leukaemia	leukemia
hans_werner_henze	henze
eidos_interactive	eidos
solar_year	tropical_year
months	month
rangoon	yangon
detroit_news	the_detroit_news
atlantic_records	atlantic
carpet	rug
anilingus	rimming
ganesha	ganesh
nc	north_carolina
student_magazine	student_newspaper
mediterranean_sea	mediterranean
amoraim	amora
wheeler_army_airfield	wheeler_field
tms	transcranial_magnetic_stimulation
fernando_pessoa	pessoa
isaac	yitzchak
kitty_pryde	shadowcat
london_weekend_television	lwt
food_allergies	food_allergy
vjs	vj
shandong_province	shandong
confederate_army	confederate_states_army
bitola	monastir
typhoid_fever	typhoid
cherbourg-octeville	cherbourg
county_donegal	donegal
nyssa	tupelo
queens_county	queens
dci	drum_corps_international
leghorn	livorno
sertraline	zoloft
procreation	reproduction
genetic_engineering	genetic_modification
sammy_davis_jr.	sammy_davis
sadc	southern_african_development_community
beauty_contest	beauty_pageant
copier	photocopier
curtiz	michael_curtiz
nmu	northern_michigan_university
james_stewart	jimmy_stewart
knockout	technical_knockout
santiago_de_chile	santiago
goannas	monitor_lizard
joe_biden	vice_president_joe_biden
peter_ustinov	ustinov
saint-malo	st_malo
george_mason_university	gmu
black_keys	the_black_keys
maharajah	maharaja
lend-lease_act	lend-lease
law_enforcement_officer	peace_officer
farads	farad
douglas_macarthur	general_macarthur
state_farm_insurance	state_farm
world_wildlife_fund	wwf
speech_disorders	speech_disorder
moscow_oblast	moscow_region
ishikawa_prefecture	ishikawa
raptors	toronto_raptors
odysseus	ulysses
john_barbirolli	sir_john_barbirolli
domenico_scarlatti	scarlatti
antivirus_software	antivirus
mills_brothers	the_mills_brothers
elm	ulmus
national_government	national_unity_government
orville_wright	wright_brothers
khyber_pakhtunkhwa	nwfp
jules_verne	verne
tokyo_imperial_university	tokyo_university
finals_mvp	nba_finals_mvp
cc	creative_commons
lymphomas	lymphoma
tagus_river	tagus
mother_earth	mother_nature
diuretics	diuretic
pac-12	pacific-12_conference
grace_kelly	princess_grace
dunkerque	dunkirk
incheon	inchon
jacques-yves_cousteau	jacques_cousteau
bradycardia	slow_heart_rate
danish_language	danish
hemolytic_uremic_syndrome	hus
emmanuel	immanuel
polysaccharides	polysaccharide
liquid_oxygen	lox
search_engine_optimization	seo
element_114	flerovium
sith_lord	sith
gangster	mobster
fathoms	fathom
canada_geese	canada_goose
nestorianism	nestorian
alcatel-lucent	alcatel
ennio_morricone	morricone
beat_music	merseybeat
itaipu_dam	itaipu
scottish_people	scottish
gene_siskel	siskel
cia_world_factbook	the_world_factbook
boiling_water_reactor	bwr
charles-marie_widor	widor
alan_silvestri	silvestri
acceptance_testing	acceptance_test
executive_branch	executive_power
heber_city	heber
easter_egg_hunt	egg_hunt
pelvic_inflammatory_disease	pid
southeast_united_states	southeastern_united_states
pc_engine	turbografx-16
highland	upland
classical_music	western_art_music
republican_national_committee	rnc
commodore_vic-20	vic-20
hot_springs	hot_spring
vaishnava	vaishnavism
block_printing	woodblock_printing
selenium	se
new_york_world	the_world
power_center	retail_park
lady_margaret_beaufort	margaret_beaufort
sulfuric_acid	sulphuric_acid
hollies	the_hollies
james_madison_university	jmu
dj_premier	primo
fruit_juice	juice
holy_thursday	maundy_thursday
smithsonian_institution	smithsonian
iseult	isolde
nisse	tomte
island_records	island
jerky_boys	the_jerky_boys
bmc	british_motor_corporation
tyrannosaurus_rex	tyrannosaurus
meltdown_festival	meltdown
flagship_station	flagship
dio	ronnie_james_dio
amor	cupid
german_people	germans
gibibyte	gib
dry_mouth	xerostomia
henrys	henry
scepter_records	scepter
parliamentary_democracy	parliamentary_system
bicycle	bike
groundwater_recharge	recharge
achaea	achaia
brutalist_architecture	brutalist
chow_chow	chow
medical_specialty	specialty
caruso	enrico_caruso
giuliano_della_rovere	pope_julius_ii
leonard_mccoy	mccoy
henry_rollins	rollins
spectre	the_spectre
brass_instrument	brass
confederate_navy	confederate_states_navy
scout_association	the_scout_association
celebes	sulawesi
psychedelic_furs	the_psychedelic_furs
lh2	liquid_hydrogen
lyons	lyon
toyota_motor_corporation	toyota
naples	napoli
esc	eurovision_song_contest
minot_afb	minot_air_force_base
goryeo_dynasty	goryeo
okinawa_prefecture	okinawa
hess	rudolf_hess
early_christianity	early_christian
sonny_bono	sonny
cubic_metres	cubic_metre
li	ri
revision_control	scm
alternative_rock	alternative
paris_review	the_paris_review
chinese_chess	xiangqi
architectural_models	architectural_model
deacons	deacon
alfred_pennyworth	alfred
krishna	lord_krishna
albus_dumbledore	dumbledore
searchers	the_searchers
tlingit_language	tlingit
bill_sikes	sykes
cassius_clay	muhammad_ali
caving	spelunking
human_voice	vocal
romantic_comedy_film	romantic_comedy
fdp	free_democratic_party
geographic_information_system	gis
zamboanga_city	zamboanga
jean_de_la_fontaine	la_fontaine
celiac_disease	coeliac_disease
hal_prince	harold_prince
collaborative_software	groupware
elementary_school	primary_school
dr_johnson	samuel_johnson
bat	chiroptera
replacements	the_replacements
nfl_europa	nfl_europe
high_blood_pressure	hypertension
knack	the_knack
koran	quran
renaissance_architecture	renaissance
french_open	roland_garros
south_sudan	southern_sudan
ccf	combined_cadet_force
ellice_islands	tuvalu
days	day
czech_language	czech
javascript	js
beverage	drink
patel	vallabhbhai_patel
jamestown_settlement	jamestown
lithuanian_language	lithuanian
cardiganshire	ceredigion
cirrhosis	liver_cirrhosis
clean	the_clean
computed_tomography	ct_scan
everly_brothers	the_everly_brothers
etiquette	manners
dental_caries	tooth_decay
aelian	claudius_aelianus
enlarged_lymph_nodes	lymphadenopathy
nightmares	nightmare
fct	federal_capital_territory
icelandic_language	icelandic
national_basketball_association	nba
human_torch	johnny_storm
yamuna_river	yamuna
zambezi_river	zambezi
samoa	western_samoa
edomites	edom
bee_gees	the_bee_gees
sikh_gurus	sikh_guru
coachella_festival	coachella
kiev	kyiv
biopolymers	biopolymer
bulwer-lytton	edward_bulwer-lytton
othello	reversi
comatose	coma
613_commandments	613_mitzvot
vilna	vilnius
online_shopping	online_store
au	gold
charitable_organization	charity
cardiac_muscle	myocardium
hot_latin_songs	hot_latin_tracks
jordan_river	river_jordan
logan	wolverine
orientalism	orientalist
blekinge_county	blekinge
british_empire_games	commonwealth_games
sacd	super_audio_cd
captain_kirk	kirk
iron_man	tony_stark
marxism	marxist
miss_piggy	piggy
music_videos	music_video
prokofiev	sergei_prokofiev
quotations	quotation
bigfoot	sasquatch
white_army	white_movement
syriac_language	syriac
dorsetshire	dorset
bnp	british_national_party
norad	north_american_aerospace_defense_command
mickey_mouse_club	the_mickey_mouse_club
jarre	maurice_jarre
arthur	king_arthur
missy_elliott	missy
mediterranean_basin	mediterranean_region
finch	fringillidae
carnivores	carnivore
ewing_township	ewing
israel	jacob
p53	tp53
romulan_star_empire	romulan
abe_lincoln	abraham_lincoln
alco	american_locomotive_company
early_cretaceous	lower_cretaceous
guess_who	the_guess_who
county_louth	louth
scotty	scott
gaius_julius_caesar	julius_caesar
inflammation	inflammatory_reaction
kachinas	kachina
maceo_parker	maceo
the_ventures	ventures
gaa	gaelic_athletic_association
great_bear	ursa_major
first-past-the-post_voting	first-past-the-post
orkney_islands	orkney
blood_group	blood_type
zakynthos	zante
baby_mario	mario
fruits	fruit
john_gielgud	sir_john_gielgud
hindemith	paul_hindemith
bulldogs	bulldog
registered_nurse	rn
footbridge	pedestrian_bridge
ninja	shinobi
spaniards	spanish_people
arcangelo_corelli	corelli
relational_database_management_system	relational_database
anabaptists	anabaptist
saloon	sedan
charisma_records	charisma
yards	yard
comte	count
hanyu_pinyin	pinyin
kikongo	kongo
george_costanza	george
frobisher_bay	iqaluit
3ds	nintendo_3ds
marco_island	marco
european_community	european_economic_community
giorgio_moroder	moroder
bellini	vincenzo_bellini
paul_verlaine	verlaine
antipsychotics	antipsychotic
hives	urticaria
kinshasa	leopoldville
ainu_language	ainu
dissociative_identity_disorder	multiple_personality_disorder
chapter_7_bankruptcy	chapter_7
algebraic_chess_notation	algebraic_notation
fonzie	the_fonz
medical_cannabis	medical_marijuana
philadelphia_phillies	phillies
dame_judi_dench	judi_dench
sampler	samples
cgi	computer-generated_imagery
passover	pesach
battleship_potemkin	the_battleship_potemkin
windows_media_audio	wma
nancy_reagan	nancy
bulls	chicago_bulls
carbolic_acid	phenol
british_touring_car_championship	btcc
archangel_gabriel	gabriel
fine_arts	fine_art
mountain	peak
oprah_winfrey	oprah
anna_comnena	anna_komnene
sarasvati	saraswati
biographical_film	biopic
new_zealand	nz
western_michigan_university	wmu
menstruation	periods
osaka_prefecture	osaka
confusion	mental_confusion
contiguous_united_states	lower_48
don_carlos	don_carlo
malay_language	malay
hartford_whalers	new_england_whalers
world_chess_championship	world_chess_champion
mercury_music_prize	mercury_prize
religious_text	scripture
guy_de_maupassant	maupassant
eastern_michigan_university	emu
sirius_b	sirius
b12	vitamin_b12
coenzyme_q10	coenzyme_q
bae	british_aerospace
claude_monet	monet
echocardiogram	echocardiography
marcel_proust	proust
slot_machine	slots
sir_wilfrid_laurier	wilfrid_laurier
pow_camp	prisoner-of-war_camp
psychiatric_medications	psychiatric_medication
media_player	windows_media_player
midfielder	midfield
extra_time	overtime
new_mexico_state_university	nmsu
che_guevara	che
airship	dirigible
saint_paul	saul
royal_dutch_shell	shell
disneyland_records	walt_disney_records
maasai_people	masai
heitor_villa-lobos	villa-lobos
prince_rainier_iii	rainier_iii
brasil	brazil
baptism	christening
fricka	frigg
ietf	internet_engineering_task_force
pyotr_ilyich_tchaikovsky	tchaikovsky
black_francis	frank_black
2014_fifa_world_cup	2014_world_cup
whitemarsh_township	whitemarsh
intel_corporation	intel
disney_channel	the_disney_channel
brigham_young_university	byu
comedy-drama	dramedy
bulgarian_language	bulgarian
maoism	maoist
hindenburg	paul_von_hindenburg
soul_music	soul
geographical	geography
cephalonia	kefalonia
kawasaki_heavy_industries	kawasaki
roanoke_county	roanoke
mahathir_bin_mohamad	mahathir_mohamad
berkeley_software_distribution	bsd
fabaceae	leguminosae
menorca	minorca
endorheic_basin	endorheic
blowfish	pufferfish
count_dracula	dracula
imperial_college_london	imperial_college
divine_comedy	the_divine_comedy
kandahar_province	kandahar
livonian	liv
the_universe	universe
gad	generalized_anxiety_disorder
angus	forfarshire
the_uncertainty_principle	uncertainty_principle
parfum	perfume
makkah	mecca
national_action_party	pan
head_start_program	head_start
treves	trier
antarctica	antarctic
pcos	polycystic_ovary_syndrome
homeopathy	homoeopathy
michelangelo_buonarroti	michelangelo
anthocyanins	anthocyanin
ebm	electronic_body_music
saptarishi	saptarshi
macedonian_slavs	macedonians
c-reactive_protein	crp
fairy_tales	fairy_tale
rosa	rose
daily_comic_strip	daily_strip
acetylsalicylic_acid	aspirin
bonaventure	saint_bonaventure
hinduism	hindu
iodine-131	radioiodine
publisher	publishing
american_stock_exchange	amex
blockbuster_entertainment_award	blockbuster_video
santa_clara_valley_transportation_authority	vta
charlie_mccarthy	edgar_bergen
ga	georgia
clarabelle_cow	clarabelle
george_armstrong_custer	george_custer
columbia_records	columbia
boris_karloff	karloff
maas	meuse
email_spam	spam
a_clockwork_orange	clockwork_orange
waylon_jennings	waylon
nader_shah	nadir_shah
compilation_album	compilation
himyarite_kingdom	himyar
kangaroos	north_melbourne_football_club
snoop_dogg	snoop
niigata_prefecture	niigata
augustine	saint_augustine
generations	generation
condottiere	condottiero
charles_perrault	perrault
detroit	motor_city
sancho_panza	sancho
wind_instruments	wind_instrument
animated	animation
tumor	tumour
aga	agha
non-small_cell_lung_cancer	nsclc
bundesmarine	german_navy
linoleate	linoleic_acid
sindh	sind
surrealism	surrealist
bucs	tampa_bay_buccaneers
yiddish_language	yiddish
oakenfold	paul_oakenfold
collagens	collagen
leuven	louvain
john_lennon	lennon
eso	european_southern_observatory
amir	emir
new_york_yankees	yankees
barney_gumble	barney
works_progress_administration	wpa
gainsbourg	serge_gainsbourg
jadis	white_witch
cerebrospinal_fluid	csf
mute_records	mute
partisans	yugoslav_partisans
diana	diane
sun_microsystems	sun
march_air_reserve_base	march_field
rascals	the_rascals
byzantine_greek	medieval_greek
cah	congenital_adrenal_hyperplasia
mother_road	us_66
chopper	helicopter
canada_day	dominion_day
ciclosporin	cyclosporine
francis_drake	sir_francis_drake
sodium_thiopental	thiopental
traditional_catholic	traditionalist_catholic
ism_band	ism
consistency_proof	consistency
bowls	lawn_bowls
king_cole	nat_king_cole
nfc_championship_game	nfc_championship
veganism	vegan
high_numbers	the_who
montana	mt
president_reagan	ronald_reagan
burr	bur
athabascan	athabaskan_languages
lichtenstein	roy_lichtenstein
amitabh_bachchan	amitabh
alfred_hitchcock	hitch
jon_foreman	jon
environmental_sciences	environmental_science
entrance_examination	entrance_exam
staple_singers	the_staple_singers
county_galway	galway
tcp	transmission_control_protocol
garage	uk_garage
democratic_party	democrats
babylonian_captivity	babylonian_exile
hummel	johann_nepomuk_hummel
icp	insane_clown_posse
sevilla	seville
arthur_eddington	arthur_stanley_eddington
overwintering	overwinter
george_washington_university	the_george_washington_university
megabits	megabit
bosnian_language	bosnian
methodism	methodist_church
first_french_republic	french_first_republic
physical_therapy	physiotherapy
african_buffalo	cape_buffalo
greek_language	greek
new_york_giants	san_francisco_giants
poplar	populus
pop_standards	traditional_pop_music
bull	groupe_bull
asd	autism_spectrum
sce	sony_computer_entertainment
organised_crime	organized_crime
metric_system	si
federico_fellini	fellini
lexington-fayette	lexington
nes	nintendo_entertainment_system
cistercians	cistercian
cross-country_skiing	cross-country_ski
sarah	sarai
dielectrics	dielectric
borders	scottish_borders
computer_display	computer_monitor
london_symphony_orchestra	lso
high-rise	tower_block
deep_vein_thrombosis	dvt
scots_language	scots
karol_szymanowski	szymanowski
beale_afb	beale_air_force_base
dao_de_jing	tao_te_ching
mannerism	mannerist
sepsis	septicemia
fascism	fascist
scarab_beetles	scarabs
ufw	united_farm_workers
ganondorf	ganon
mobile_apps	mobile_app
aaron_copland	copland
retailing	retail
private_company	privately_held_company
fdic	federal_deposit_insurance_corporation
technology	tech
central_intelligence_agency	cia
leap_years	leap_year
block_island	new_shoreham
venetian_language	venetian
jedi_master	jedi
freeman	martin_freeman
electropop	synthpop
buzkashi	kokpar
milla_jovovich	milla
ralph_vaughan_williams	vaughan_williams
bomber_aircraft	bomber
baudelaire	charles_baudelaire
nantucket_island	nantucket
pixels	pixel
gustav_klimt	klimt
paradigms	paradigm
b_vitamins	vitamin_b
andromeda_galaxy	m31
cinematographer	dp
ethics	moral_philosophy
empress_wu	wu_zetian
grade_12	twelfth_grade
gray	grey
winter_games	winter_olympic_games
mission_santa_barbara	santa_barbara_mission
royal_ballet	the_royal_ballet
odf	opendocument
frisians	frisian
bastet	bast
giovanni_pierluigi_da_palestrina	palestrina
george_frideric_handel	handel
cheryl_cole	cheryl
ira	irish_republican_army
finnish_language	finnish
stalingrad	volgograd
american_culture	american_values
sinclair_research	sinclair
anaesthesia	anesthesia
david_lander	squiggy
nba_championship	nba_finals
richard_wagner	wagner
weatherman	weathermen
kannada_language	kannada
gigabytes	gigabyte
hikaru_sulu	sulu
drava_river	drava
corticosteroids	corticosteroid
sml	standard_ml
national_symbols	national_symbol
carrack	nau
provisional_ira	provisional_irish_republican_army
equatorial_climate	tropical_rainforest_climate
ben_franklin	benjamin_franklin
united_states_supreme_court	us_supreme_court
great_famine	irish_potato_famine
san_francisco_state_university	sfsu
asimov	isaac_asimov
cad	computer_aided_design
mi6	secret_intelligence_service
sandinista_national_liberation_front	sandinistas
congo-brazzaville	congo
west_nile_virus	wnv
house_un-american_activities_committee	huac
diagnosis	medical_diagnosis
mahayana_buddhism	mahayana
shirelles	the_shirelles
gregorian_calendar	western_calendar
white_deer_township	white_deer
tendinitis	tendonitis
herefordshire	hereford
windows	window
dissertation	thesis
hardwick_township	hardwick
carpal_tunnel_syndrome	carpal_tunnel
reduced_instruction_set_computing	risc
blues_brothers	the_blues_brothers
nebulae	nebula
palestine_liberation_organization	plo
languages	linguistics
undp	united_nations_development_programme
cicero	marcus_tullius_cicero
corporate_social_responsibility	csr
mohammad_reza_pahlavi	shah_mohammad_reza_pahlavi
intelligence_quotient	iq_test
pinnipedia	pinniped
elopement	elope
lax	los_angeles_international_airport
lower_class	working_class
san_diego_state_university	sdsu
ccny	city_college
sonic_drive-in	sonic
ian_mckellen	sir_ian_mckellen
amoebas	amoeba
basel	basle
fenrir	fenris
bumiputera	bumiputra
david_crockett	davy_crockett
cox_cable	cox_communications
national_liberation_front	viet_cong
helen_hayes_theatre	little_theatre
hot_dogs	hot_dog
loge	loki
cartagena_de_indias	cartagena
miguel_de_unamuno	unamuno
lao_tzu	laozi
fishing_boat	fishing_vessel
tarot_cards	tarot
puerto_ricans	puerto_rican
cassel	kassel
microsoft_word	word
magazine	periodical
andrew_jackson	old_hickory
cable_channel	cable_network
sdtv	standard-definition_television
italianate_architecture	italianate
airtel	bharti_airtel
applied_arts	applied_art
wu-tang_clan	wu-tang
upper_palaeolithic	upper_paleolithic
the_times	times
shemp_howard	shemp
malate	malic_acid
boston_symphony_orchestra	bso
sailor_venus	sailor_v
nassau_coliseum	nassau_veterans_memorial_coliseum
cvs_pharmacy	cvs
bundesbank	deutsche_bundesbank
tasmanian_tiger	thylacine
congestive_heart_failure	heart_failure
arcade_game	arcade
gentoo_linux	gentoo
native_mode	native
stammering	stuttering
saturday_night_live	snl
shia_islam	shiite
farsightedness	hyperopia
germanic_peoples	germanic_tribes
currency_market	foreign_exchange_market
simpsons	the_simpsons
rhodes_scholarship	rhodes_scholar
fisheries	fishery
perfect_aspect	perfect
ground_station	satellite_earth_station
news_conference	press_conference
joe_jackson	shoeless_joe_jackson
rotary_club	rotary_international
fantagraphics_books	fantagraphics
cherry_blossom	sakura
ai	artificial_intelligence
sabines	sabine
romani_language	romany
ea	electronic_arts
egg_harbor_township	egg_harbor
jeet_kune_do	jkd
liberty_records	liberty
southwest_airlines	southwest
continental_ag	continental
asian_cuisine	asian
waiter	waitress
hollywood_cemetery	hollywood_forever_cemetery
metamorphosis	the_metamorphosis
the_tubes	tubes
chartism	chartist
t_cell	t_lymphocytes
rnzaf	royal_new_zealand_air_force
christian_mission	mission
b2b	business-to-business
complex_systems	complex_system
hunan_province	hunan
malacca	melaka
blackjack	twenty-one
donatism	donatist
henan	honan
shiraz	syrah
sat	scholastic_aptitude_test
lumber	timber
bicarbonate	hydrogen_carbonate
christianity	christian
air_force_global_strike_command	global_strike_command
documentary_film	documentary
column	newspaper_column
hades	pluto
punk_rock	punk
new_orleans	nola
qpr	queens_park_rangers
city	manchester_city
willistown_township	willistown
brooklyn_navy_yard	new_york_navy_yard
bios	system_bios
cmv	cytomegalovirus
ethiopian_orthodox_church	ethiopian_orthodox_tewahedo_church
pol_pot	saloth_sar
andes_mountains	andes
trades_union_congress	tuc
marches	march
international_units	iu
baron_harkonnen	vladimir_harkonnen
new_world_communications	new_world_pictures
tau	tel_aviv_university
streamline_moderne	streamline
interstate_405	san_diego_freeway
insulae	insula
gravitational_radiation	gravitational_wave
latvian_language	latvian
air_force_academy	united_states_air_force_academy
ethnic_diversity	multiculturalism
optimization	program_optimization
stardust	timeless
electoral_system	voting_system
defence_forces	irish_defence_forces
christopher_columbus	columbus
stoner_metal	stoner_rock
conocophillips	conoco
xinjiang_uyghur_autonomous_region	xinjiang
playhouse_theatre	the_playhouse
mi5	security_service
diarrhea	diarrhoea
louisiana_state_university	lsu
frederick_william	friedrich_wilhelm
fuji_television	fuji_tv
boris_pasternak	pasternak
brian_eno	eno
sheriffs	sheriff
banking	bank
trident_missile	trident
the_troggs	troggs
goldman_sachs	goldman
protestantism	protestant
henrik_ibsen	ibsen
anton_chekhov	chekhov
guadiana_river	guadiana
gottfried_wilhelm_leibniz	leibniz
hawaiian_language	hawaiian
kidney_failure	renal_failure
leoncavallo	ruggero_leoncavallo
feathers	feather
david	king_david
dust_brothers	the_dust_brothers
arabian_peninsula	arabia
saxo_grammaticus	saxo
heidelberg_university	heidelberg
import_substitution_industrialization	import_substitution
virtual_private_network	vpn
s._aureus	staphylococcus_aureus
john_philip_sousa	sousa
jeff_beck_group	the_jeff_beck_group
synthesizer	synth
cymbals	cymbal
john_chapman	johnny_appleseed
victorian_architecture	victorian
brittleness	brittle
madhvacharya	madhva
atmospheric_entry	atmospheric_reentry
chiptunes	chiptune
litmus_test	litmus
gratuity	tipping
forbes_magazine	forbes
don_bradman	sir_donald_bradman
socialism	socialist
drifters	the_drifters
api	application_programming_interface
reich	steve_reich
krzysztof_penderecki	penderecki
ultima_online	uo
jiangsu_province	jiangsu
forum_romanum	roman_forum
chase_manhattan_bank	chase
television	tv
auguste_rodin	rodin
florida_state_university	fsu
caledfwlch	excalibur
boston_bruins	bruins
icao	international_civil_aviation_organization
danzig	glenn_danzig
earthquake	tremor
assyrian_people	assyrians
xinhua_news_agency	xinhua
windows_xp	xp
alexander_borodin	borodin
fantasy_records	fantasy
maid_marian	marian
marginal_tax_rate	tax_rate
angina_pectoris	angina
terabytes	terabyte
news_corporation	news_corp
woodwind_instrument	woodwind
jean_sibelius	sibelius
vijayanagar_empire	vijayanagara_empire
family_history	genealogy
chronic_obstructive_pulmonary_disease	copd
boulez	pierre_boulez
adobe_systems	adobe
giacomo_meyerbeer	meyerbeer
the_government_inspector	the_inspector_general
central_processing_unit	cpu
van_der_graaf_generator	van_der_graaf
cdc	control_data_corporation
luciano_pavarotti	pavarotti
male	men
amc_theatres	amc
jean-philippe_rameau	rameau
harvey_dent	two-face
ecb	european_central_bank
remittances	remittance
fujian_province	fujian
antonin_artaud	artaud
data_storage_device	recording_medium
bladder	urinary_bladder
erik	the_phantom
beltway	ring_road
latin_alphabet	roman_alphabet
episcopacy	episcopal_polity
mon_language	mon
haydn	joseph_haydn
emesa	homs
cubism	cubist
kazakhs	kazakh
melkor	morgoth
redness	red
diabetes_mellitus	diabetes
audubon_society	national_audubon_society
birth_control	contraception
labour_party	pvda
trento	trent
hindu_temple	mandir
fender_stratocaster	strat
world_science_fiction_convention	worldcon
supremes	the_supremes
symphonic_poem	tone_poem
fred_rogers	mister_rogers
leukocytes	white_blood_cell
john_soane	sir_john_soane
glycosides	glycoside
brendan	saint_brendan
standard_oil_company	standard_oil
the_vampire_diaries	vampire_diaries
fritillaria	fritillary
livejournal	lj
franz_schubert	schubert
ichiro_suzuki	ichiro
county_offaly	offaly
zebulon	zebulun
cornish_language	cornish
captain_james_cook	james_cook
united_press_international	upi
chimpanzee	chimp
taipei_city	taipei
indianapolis_500	indy_500
bresson	robert_bresson
akmolinsk	astana
anxiolytics	anxiolytic
organic_acids	organic_acid
scorpio	scorpius
cohen	kohen
zulu_kingdom	zululand
victoria	vic
modern_library	the_modern_library
azerbaijanis	azeri
virginia_military_institute	vmi
double_j	triple_j
durum_wheat	durum
iggy_pop	iggy
boat_ramp	slipway
homemaker	homemaking
lf	low_frequency
doobie_brothers	the_doobie_brothers
oresteia	the_oresteia
unemployment_benefits	unemployment_benefit
british_peerage	peerage
aleksandr_solzhenitsyn	solzhenitsyn
instrumentalist	musician
andrews_sisters	the_andrews_sisters
delusions	delusion
feed	web_feed
ukrainian_language	ukrainian
world_trade_organization	wto
scottish_premier_league	spl
mebibyte	mib
asio	australian_security_intelligence_organisation
chewa	nyanja
dentistry	dentist
commissioner_gordon	james_gordon
emperor_meiji	meiji_emperor
carl_friedrich_gauss	gauss
badfinger	the_iveys
belmondo	jean-paul_belmondo
childeric_i	childeric
bene_tleilax	tleilaxu
rift_valley_province	rift_valley
independent_film	indie_film
brutus	marcus_junius_brutus
hip_fractures	hip_fracture
epic_records	epic
certified_public_accountant	cpa
dramatist	playwright
anti-war_movement	anti-war
khalistan_movement	khalistan
bruise	contusion
mule	the_mule
daily_news	new_york_daily_news
kkr	kohlberg_kravis_roberts
national_renewable_energy_laboratory	nrel
multi-core_processor	multi-core
jet_propulsion_laboratory	jpl
padova	padua
new_jersey_turnpike_authority	new_jersey_turnpike
judah_ha-levi	yehuda_halevi
lions_gate_entertainment	lionsgate
lyric_hammersmith	lyric_theatre
open_vld	vld
craze	fad
sar	synthetic_aperture_radar
james_davis	jim_davis
maternal_death	maternal_mortality
high_blood_sugar	hyperglycemia
christmas_music	christmas_song
community_center	community_centre
bangles	the_bangles
earl	jarl
abstract_expressionism	abstract_expressionist
phibunsongkhram	phibun
college_board	the_college_board
communications_protocol	protocol
federal_express	fedex
x-ray_crystallography	x-ray_diffraction
transport_hub	transportation_hub
sprint_cup_series	winston_cup
word_processing	word_processor
champ_car_world_series	champ_car
mentoring	mentorship
chief_information_officer	cio
gabrieli	giovanni_gabrieli
nam	non-aligned_movement
ufo	unidentified_flying_object
astrodome	houston_astrodome
michael_nyman	nyman
afc_championship_game	afc_championship
cilantro	coriander
grateful_dead	the_grateful_dead
lisboa	lisbon
aerial_refueling	aerial_refuelling
belgique	belgium
libertarianism	libertarian
police	the_police
swami_vivekananda	vivekananda
elizabeth	saint_elizabeth
biological_sciences	biology
surveying	surveyor
asteraceae	compositae
pulp	wood_pulp
cantonese_cuisine	cantonese
delfonics	the_delfonics
dub_music	dub
ccr	creedence_clearwater_revival
volkswagen_ag	volkswagen_group
devil	the_devil
livy	titus_livius
diabase	dolerite
melanesian	melanesia
negev_desert	negev
business_law	commercial_law
mushroom	toadstool
decoration_day	memorial_day
fantastic_four	the_fantastic_four
organisation	organization
west_paterson	woodland_park
code_sharing	codeshare_agreement
ayatollah_khomeini	ruhollah_khomeini
mission_district	the_mission
tatra_mountains	tatras
pablo_picasso	picasso
